order_id;order_date;ship_date;ship_mode;customer_id
CA-2016-152156;08.11.2016;11.11.2016;Second Class;CG-12520
CA-2016-138688;12.06.2016;16.06.2016;Second Class;DV-13045
US-2015-108966;11.10.2015;18.10.2015;Standard Class;SO-20335
CA-2014-115812;09.06.2014;14.06.2014;Standard Class;BH-11710
CA-2017-114412;15.04.2017;20.04.2017;Standard Class;AA-10480
CA-2016-161389;05.12.2016;10.12.2016;Standard Class;IM-15070
US-2015-118983;22.11.2015;26.11.2015;Standard Class;HP-14815
CA-2014-105893;11.11.2014;18.11.2014;Standard Class;PK-19075
CA-2014-167164;13.05.2014;15.05.2014;Second Class;AG-10270
CA-2014-143336;27.08.2014;01.09.2014;Second Class;ZD-21925
CA-2016-137330;09.12.2016;13.12.2016;Standard Class;KB-16585
US-2017-156909;16.07.2017;18.07.2017;Second Class;SF-20065
CA-2015-106320;25.09.2015;30.09.2015;Standard Class;EB-13870
CA-2016-121755;16.01.2016;20.01.2016;Second Class;EH-13945
US-2015-150630;17.09.2015;21.09.2015;Standard Class;TB-21520
CA-2017-107727;19.10.2017;23.10.2017;Second Class;MA-17560
CA-2016-117590;08.12.2016;10.12.2016;First Class;GH-14485
CA-2015-117415;27.12.2015;31.12.2015;Standard Class;SN-20710
CA-2017-120999;10.09.2017;15.09.2017;Standard Class;LC-16930
CA-2016-101343;17.07.2016;22.07.2016;Standard Class;RA-19885
CA-2017-139619;19.09.2017;23.09.2017;Standard Class;ES-14080
CA-2016-118255;11.03.2016;13.03.2016;First Class;ON-18715
CA-2014-146703;20.10.2014;25.10.2014;Second Class;PO-18865
CA-2016-169194;20.06.2016;25.06.2016;Standard Class;LH-16900
CA-2015-115742;18.04.2015;22.04.2015;Standard Class;DP-13000
CA-2016-105816;11.12.2016;17.12.2016;Standard Class;JM-15265
CA-2016-111682;17.06.2016;18.06.2016;First Class;TB-21055
CA-2015-135545;24.11.2015;30.11.2015;Standard Class;KM-16720
US-2015-164175;30.04.2015;05.05.2015;Standard Class;PS-18970
CA-2014-106376;05.12.2014;10.12.2014;Standard Class;BS-11590
CA-2016-119823;04.06.2016;06.06.2016;First Class;KD-16270
CA-2016-106075;18.09.2016;23.09.2016;Standard Class;HM-14980
CA-2017-114440;14.09.2017;17.09.2017;Second Class;TB-21520
US-2015-134026;26.04.2015;02.05.2015;Standard Class;JE-15745
US-2017-118038;09.12.2017;11.12.2017;First Class;KB-16600
US-2014-147606;26.11.2014;01.12.2014;Second Class;JE-15745
CA-2016-127208;12.06.2016;15.06.2016;First Class;SC-20770
CA-2014-139451;12.10.2014;16.10.2014;Standard Class;DN-13690
CA-2015-149734;03.09.2015;08.09.2015;Standard Class;JC-16105
US-2017-119662;13.11.2017;16.11.2017;First Class;CS-12400
CA-2017-140088;28.05.2017;30.05.2017;Second Class;PO-18865
CA-2017-155558;26.10.2017;02.11.2017;Standard Class;PG-18895
CA-2016-159695;05.04.2016;10.04.2016;Second Class;GM-14455
CA-2016-109806;17.09.2016;22.09.2016;Standard Class;JS-15685
CA-2015-149587;31.01.2015;05.02.2015;Second Class;KB-16315
US-2017-109484;06.11.2017;12.11.2017;Standard Class;RB-19705
CA-2017-161018;09.11.2017;11.11.2017;Second Class;PN-18775
CA-2017-157833;17.06.2017;20.06.2017;First Class;KD-16345
CA-2016-149223;06.09.2016;11.09.2016;Standard Class;ER-13855
CA-2016-158568;29.08.2016;02.09.2016;Standard Class;RB-19465
CA-2016-129903;01.12.2016;04.12.2016;Second Class;GZ-14470
US-2015-156867;13.11.2015;17.11.2015;Standard Class;LC-16870
CA-2017-119004;23.11.2017;28.11.2017;Standard Class;JM-15250
CA-2015-129476;15.10.2015;20.10.2015;Standard Class;PA-19060
CA-2017-146780;25.12.2017;30.12.2017;Standard Class;CV-12805
CA-2016-128867;03.11.2016;10.11.2016;Standard Class;CL-12565
CA-2014-115259;25.08.2014;27.08.2014;Second Class;RC-19960
CA-2015-110457;02.03.2015;06.03.2015;Standard Class;DK-13090
US-2015-136476;05.04.2015;10.04.2015;Standard Class;GG-14650
CA-2016-103730;12.06.2016;15.06.2016;First Class;SC-20725
US-2014-152030;26.12.2014;28.12.2014;Second Class;AD-10180
US-2014-134614;20.09.2014;25.09.2014;Standard Class;PF-19165
US-2017-107272;05.11.2017;12.11.2017;Standard Class;TS-21610
US-2016-125969;06.11.2016;10.11.2016;Second Class;LS-16975
US-2017-164147;02.02.2017;05.02.2017;First Class;DW-13585
CA-2016-145583;13.10.2016;19.10.2016;Standard Class;LC-16885
CA-2016-110366;05.09.2016;07.09.2016;Second Class;JD-15895
CA-2017-106180;18.09.2017;23.09.2017;Standard Class;SH-19975
CA-2017-155376;22.12.2017;27.12.2017;Standard Class;SG-20080
CA-2015-110744;07.09.2015;12.09.2015;Standard Class;HA-14920
CA-2014-110072;22.10.2014;28.10.2014;Standard Class;MG-17680
CA-2016-114489;05.12.2016;09.12.2016;Standard Class;JE-16165
CA-2016-158834;13.03.2016;16.03.2016;First Class;TW-21025
CA-2015-124919;31.05.2015;02.06.2015;First Class;SP-20650
CA-2015-118948;28.05.2015;03.06.2015;Standard Class;NK-18490
CA-2014-104269;01.03.2014;06.03.2014;Second Class;DB-13060
CA-2016-114104;20.11.2016;24.11.2016;Standard Class;NP-18670
CA-2016-162733;11.05.2016;12.05.2016;First Class;TT-21070
CA-2015-119697;28.12.2015;31.12.2015;Second Class;EM-13960
CA-2016-154508;16.11.2016;20.11.2016;Standard Class;RD-19900
CA-2016-113817;07.11.2016;11.11.2016;Standard Class;MJ-17740
CA-2014-139892;08.09.2014;12.09.2014;Standard Class;BM-11140
CA-2014-118962;05.08.2014;09.08.2014;Standard Class;CS-12130
US-2014-100853;14.09.2014;19.09.2014;Standard Class;JB-15400
US-2017-152366;21.04.2017;25.04.2017;Second Class;SJ-20500
US-2015-101511;21.11.2015;23.11.2015;Second Class;JE-15745
CA-2015-137225;15.12.2015;19.12.2015;Standard Class;JK-15640
CA-2014-166191;05.12.2014;09.12.2014;Second Class;DK-13150
CA-2014-158274;19.11.2014;24.11.2014;Second Class;RM-19675
CA-2016-105018;28.11.2016;02.12.2016;Standard Class;SK-19990
CA-2014-123260;26.08.2014;30.08.2014;Standard Class;FM-14290
CA-2016-157000;16.07.2016;22.07.2016;Standard Class;AM-10360
CA-2015-102281;12.10.2015;14.10.2015;First Class;MP-17470
CA-2015-131457;31.10.2015;06.11.2015;Standard Class;MZ-17515
CA-2014-140004;21.03.2014;25.03.2014;Standard Class;CB-12025
CA-2017-107720;06.11.2017;13.11.2017;Standard Class;VM-21685
US-2017-124303;06.07.2017;13.07.2017;Standard Class;FH-14365
CA-2017-105074;24.06.2017;29.06.2017;Standard Class;MB-17305
CA-2014-133690;03.08.2014;05.08.2014;First Class;BS-11755
US-2017-116701;17.12.2017;21.12.2017;Second Class;LC-17140
CA-2017-126382;03.06.2017;07.06.2017;Standard Class;HK-14890
CA-2017-108329;09.12.2017;14.12.2017;Standard Class;LE-16810
CA-2017-135860;01.12.2017;07.12.2017;Standard Class;JH-15985
CA-2015-101007;09.02.2015;13.02.2015;Second Class;MS-17980
CA-2015-146262;02.01.2015;09.01.2015;Standard Class;VW-21775
CA-2016-130162;28.10.2016;01.11.2016;Standard Class;JH-15910
CA-2015-169397;24.12.2015;27.12.2015;First Class;JB-15925
CA-2015-163055;09.08.2015;16.08.2015;Standard Class;DS-13180
US-2015-145436;28.02.2015;04.03.2015;Standard Class;VD-21670
US-2014-156216;13.09.2014;17.09.2014;Standard Class;EA-14035
US-2017-100930;07.04.2017;12.04.2017;Standard Class;CS-12400
CA-2017-160514;12.11.2017;16.11.2017;Standard Class;DB-13120
CA-2016-157749;04.06.2016;09.06.2016;Second Class;KL-16645
CA-2014-131926;01.06.2014;06.06.2014;Second Class;DW-13480
CA-2016-154739;10.12.2016;15.12.2016;Second Class;LH-17155
CA-2016-145625;11.09.2016;17.09.2016;Standard Class;KC-16540
CA-2016-146941;10.12.2016;13.12.2016;First Class;DL-13315
US-2015-159982;28.11.2015;04.12.2015;Standard Class;DR-12880
CA-2017-163139;01.12.2017;03.12.2017;Second Class;CC-12670
US-2017-155299;08.06.2017;12.06.2017;Standard Class;Dl-13600
US-2014-106992;19.09.2014;21.09.2014;Second Class;SB-20290
CA-2016-125318;06.06.2016;13.06.2016;Standard Class;RC-19825
CA-2015-155040;10.11.2015;15.11.2015;Standard Class;AH-10210
CA-2017-136826;16.06.2017;20.06.2017;Standard Class;CB-12535
CA-2016-111010;22.01.2016;28.01.2016;Standard Class;PG-18895
US-2017-145366;09.12.2017;13.12.2017;Standard Class;CA-12310
CA-2017-163979;28.12.2017;02.01.2018;Second Class;KH-16690
CA-2015-155334;30.07.2015;31.07.2015;First Class;HA-14920
CA-2017-118136;16.09.2017;17.09.2017;First Class;BB-10990
CA-2017-132976;13.10.2017;17.10.2017;Standard Class;AG-10495
US-2015-161991;26.09.2015;28.09.2015;Second Class;SC-20725
CA-2015-130890;02.11.2015;06.11.2015;Standard Class;JO-15280
CA-2015-130883;26.09.2015;02.10.2015;Standard Class;TB-21520
CA-2016-112697;18.12.2016;20.12.2016;Second Class;AH-10195
CA-2016-110772;20.11.2016;24.11.2016;Second Class;NZ-18565
CA-2014-111451;26.12.2014;28.12.2014;First Class;KL-16555
CA-2016-142545;28.10.2016;03.11.2016;Standard Class;JD-15895
US-2017-152380;19.11.2017;23.11.2017;Standard Class;JH-15910
CA-2015-144253;04.05.2015;09.05.2015;Second Class;AS-10225
CA-2014-130960;30.12.2014;04.01.2015;Standard Class;KB-16600
CA-2014-111003;01.06.2014;06.06.2014;Standard Class;CR-12625
CA-2017-126774;15.04.2017;17.04.2017;First Class;SH-20395
CA-2016-142902;12.09.2016;14.09.2016;Second Class;BP-11185
CA-2014-120887;27.09.2014;03.10.2014;Standard Class;TS-21205
CA-2014-167850;09.08.2014;16.08.2014;Standard Class;AG-10525
CA-2014-164259;28.12.2014;30.12.2014;First Class;SP-20860
CA-2014-164973;04.11.2014;09.11.2014;Standard Class;NM-18445
CA-2014-156601;19.09.2014;24.09.2014;Standard Class;FA-14230
CA-2016-162138;23.04.2016;27.04.2016;Standard Class;GK-14620
CA-2017-153339;03.11.2017;05.11.2017;Second Class;DJ-13510
US-2016-141544;30.08.2016;01.09.2016;First Class;PO-18850
US-2016-150147;25.04.2016;29.04.2016;Second Class;JL-15850
CA-2015-137946;01.09.2015;04.09.2015;Second Class;DB-13615
CA-2014-129924;12.07.2014;17.07.2014;Standard Class;AC-10420
CA-2015-128167;22.06.2015;26.06.2015;Second Class;KL-16645
CA-2014-122336;13.04.2014;17.04.2014;Second Class;JD-15895
US-2015-120712;20.12.2015;24.12.2015;Standard Class;CS-12130
CA-2017-169901;15.06.2017;19.06.2017;Standard Class;CC-12550
CA-2017-134306;08.07.2017;12.07.2017;Standard Class;TD-20995
CA-2016-129714;01.09.2016;03.09.2016;First Class;AB-10060
CA-2016-138520;08.04.2016;13.04.2016;Standard Class;JL-15505
CA-2016-130001;23.04.2016;28.04.2016;Standard Class;HK-14890
CA-2017-155698;08.03.2017;11.03.2017;First Class;VB-21745
CA-2017-144904;25.09.2017;01.10.2017;Standard Class;KW-16435
CA-2014-123344;24.09.2014;29.09.2014;Standard Class;JD-16060
CA-2016-155516;21.10.2016;21.10.2016;Same Day;MK-17905
CA-2017-104745;29.05.2017;04.06.2017;Standard Class;GT-14755
US-2014-119137;23.07.2014;27.07.2014;Standard Class;AG-10900
US-2016-134656;28.09.2016;01.10.2016;First Class;MM-18280
US-2017-134481;27.08.2017;01.09.2017;Standard Class;AR-10405
CA-2015-130792;28.04.2015;05.05.2015;Standard Class;RA-19915
CA-2016-134775;28.10.2016;29.10.2016;First Class;AS-10285
CA-2015-125395;26.06.2015;29.06.2015;Second Class;LA-16780
US-2015-168935;27.11.2015;02.12.2015;Standard Class;DO-13435
CA-2015-122756;03.12.2015;07.12.2015;Standard Class;DK-13225
CA-2014-115973;24.11.2014;26.11.2014;First Class;NG-18430
CA-2017-101798;11.12.2017;15.12.2017;Standard Class;MV-18190
US-2014-135972;21.09.2014;23.09.2014;Second Class;JG-15115
US-2014-134971;07.06.2014;10.06.2014;Second Class;BP-11095
CA-2017-102946;30.06.2017;05.07.2017;Standard Class;VP-21730
CA-2017-165603;17.10.2017;19.10.2017;Second Class;SS-20140
CA-2015-122259;31.10.2015;04.11.2015;Standard Class;HP-14815
CA-2016-108987;08.09.2016;10.09.2016;Second Class;AG-10675
CA-2014-113166;24.12.2014;26.12.2014;First Class;LF-17185
CA-2014-155208;16.04.2014;20.04.2014;Standard Class;SP-20650
CA-2017-117933;24.12.2017;29.12.2017;Standard Class;RF-19840
CA-2017-117457;08.12.2017;12.12.2017;Standard Class;KH-16510
CA-2017-142636;03.11.2017;07.11.2017;Standard Class;KC-16675
CA-2017-122105;24.06.2017;28.06.2017;Standard Class;CJ-12010
CA-2016-148796;14.04.2016;18.04.2016;Standard Class;PB-19150
CA-2017-154816;06.11.2017;10.11.2017;Standard Class;VB-21745
CA-2017-110478;04.03.2017;09.03.2017;Standard Class;SP-20860
CA-2014-142048;22.06.2014;25.06.2014;First Class;JE-15745
CA-2017-125388;19.10.2017;23.10.2017;Standard Class;MP-17965
CA-2017-155705;21.08.2017;23.08.2017;Second Class;NF-18385
CA-2017-149160;23.11.2017;26.11.2017;Second Class;JM-15265
CA-2014-101476;12.09.2014;13.09.2014;First Class;SD-20485
CA-2017-152275;01.10.2017;08.10.2017;Standard Class;KH-16630
US-2016-123750;15.04.2016;21.04.2016;Standard Class;RB-19795
CA-2016-127369;06.06.2016;07.06.2016;First Class;DB-13060
US-2014-150574;19.12.2014;25.12.2014;Standard Class;MK-18160
CA-2016-147375;12.06.2016;14.06.2016;Second Class;PO-19180
CA-2017-130043;15.09.2017;19.09.2017;Standard Class;BB-11545
CA-2017-157252;20.01.2017;23.01.2017;Second Class;CV-12805
CA-2016-115756;05.09.2016;07.09.2016;Second Class;PK-19075
CA-2017-154214;20.03.2017;25.03.2017;Second Class;TB-21595
CA-2016-166674;01.04.2016;03.04.2016;Second Class;RB-19360
CA-2017-147277;20.10.2017;24.10.2017;Standard Class;EB-13705
CA-2016-100153;13.12.2016;17.12.2016;Standard Class;KH-16630
US-2014-110674;12.02.2014;18.02.2014;Standard Class;SC-20095
US-2016-157945;26.09.2016;01.10.2016;Standard Class;NF-18385
CA-2015-109638;15.12.2015;22.12.2015;Standard Class;JH-15985
CA-2016-109869;22.04.2016;29.04.2016;Standard Class;TN-21040
US-2015-101399;17.01.2015;24.01.2015;Standard Class;JS-15940
CA-2017-154907;31.03.2017;04.04.2017;Standard Class;DS-13180
US-2016-100419;16.12.2016;20.12.2016;Second Class;CC-12670
CA-2015-154144;20.12.2015;24.12.2015;Standard Class;MH-17785
CA-2014-144666;09.11.2014;11.11.2014;Second Class;JP-15520
CA-2016-103891;12.07.2016;19.07.2016;Standard Class;KH-16690
CA-2016-152632;27.10.2016;02.11.2016;Standard Class;JE-15475
CA-2016-100790;26.06.2016;02.07.2016;Standard Class;JG-15805
CA-2014-134677;06.10.2014;10.10.2014;Standard Class;XP-21865
CA-2014-127691;22.07.2014;27.07.2014;Standard Class;EM-14065
CA-2017-140963;10.06.2017;13.06.2017;First Class;MT-18070
CA-2014-154627;29.10.2014;31.10.2014;First Class;SA-20830
CA-2014-133753;09.06.2014;13.06.2014;Second Class;CW-11905
CA-2014-113362;14.09.2014;19.09.2014;Standard Class;AJ-10960
CA-2016-169166;09.05.2016;14.05.2016;Standard Class;SS-20590
US-2016-120929;18.03.2016;21.03.2016;Second Class;RO-19780
CA-2015-134782;27.12.2015;31.12.2015;Standard Class;MD-17350
CA-2016-126158;25.07.2016;31.07.2016;Standard Class;SC-20095
US-2016-105578;30.05.2016;04.06.2016;Standard Class;MY-17380
CA-2017-134978;12.11.2017;15.11.2017;Second Class;EB-13705
CA-2015-145352;16.03.2015;22.03.2015;Standard Class;CM-12385
CA-2017-135307;26.11.2017;27.11.2017;First Class;LS-17245
CA-2016-106341;20.10.2016;23.10.2016;First Class;LF-17185
CA-2017-163405;21.12.2017;25.12.2017;Standard Class;BN-11515
CA-2017-127432;22.01.2017;27.01.2017;Standard Class;AD-10180
CA-2015-157812;22.03.2015;26.03.2015;Standard Class;DB-13210
CA-2017-145142;23.01.2017;25.01.2017;First Class;MC-17605
US-2016-139486;21.05.2016;23.05.2016;First Class;LH-17155
CA-2015-158792;26.12.2015;02.01.2016;Standard Class;BD-11605
CA-2017-113558;21.10.2017;26.10.2017;Standard Class;PH-18790
US-2015-138303;03.09.2015;07.09.2015;Standard Class;MG-18145
CA-2015-102848;07.11.2015;09.11.2015;Second Class;KB-16240
US-2017-129441;07.09.2017;11.09.2017;Standard Class;JC-15340
CA-2016-168753;29.05.2016;01.06.2016;Second Class;RL-19615
CA-2016-126613;10.07.2016;16.07.2016;Standard Class;AA-10375
US-2017-122637;03.09.2017;08.09.2017;Second Class;EP-13915
CA-2015-147851;03.12.2015;08.12.2015;Standard Class;MP-17470
CA-2015-134894;07.12.2015;11.12.2015;Standard Class;DK-12985
CA-2014-140795;01.02.2014;03.02.2014;First Class;BD-11500
CA-2016-136924;14.07.2016;17.07.2016;First Class;ES-14080
US-2015-120161;18.12.2015;23.12.2015;Standard Class;LM-17065
CA-2014-103849;11.05.2014;16.05.2014;Standard Class;PG-18895
CA-2017-162929;19.11.2017;22.11.2017;First Class;AS-10135
CA-2015-113173;15.11.2015;17.11.2015;Second Class;DK-13225
CA-2016-136406;15.04.2016;17.04.2016;Second Class;BD-11320
CA-2017-112774;11.09.2017;12.09.2017;First Class;RC-19960
CA-2017-101945;24.11.2017;28.11.2017;Standard Class;GT-14710
CA-2017-100650;29.06.2017;03.07.2017;Second Class;DK-13225
CA-2014-155852;03.03.2014;07.03.2014;Second Class;AJ-10945
CA-2016-113243;10.06.2016;15.06.2016;Standard Class;OT-18730
CA-2017-118731;20.11.2017;22.11.2017;Second Class;LP-17080
CA-2014-145576;14.09.2014;18.09.2014;Second Class;CA-12775
CA-2015-130736;07.12.2015;09.12.2015;First Class;JF-15490
CA-2017-137099;07.12.2017;10.12.2017;First Class;FP-14320
CA-2017-156951;01.10.2017;08.10.2017;Standard Class;EB-13840
CA-2017-164826;28.12.2017;04.01.2018;Standard Class;JF-15415
CA-2016-127250;03.11.2016;07.11.2016;Standard Class;SF-20200
CA-2015-149713;18.09.2015;22.09.2015;Second Class;TG-21640
CA-2017-118640;20.07.2017;26.07.2017;Standard Class;CS-11950
CA-2015-132906;10.09.2015;14.09.2015;Standard Class;CC-12145
CA-2017-145233;01.12.2017;05.12.2017;Standard Class;DV-13465
CA-2015-128139;03.07.2015;09.07.2015;Standard Class;BD-11725
US-2016-156986;20.03.2016;24.03.2016;Standard Class;ZC-21910
CA-2014-135405;09.01.2014;13.01.2014;Standard Class;MS-17830
CA-2014-131450;08.08.2014;15.08.2014;Standard Class;LR-16915
CA-2016-120180;14.07.2016;16.07.2016;First Class;TP-21130
US-2016-100720;16.07.2016;21.07.2016;Standard Class;CK-12205
CA-2014-149958;15.03.2014;19.03.2014;Standard Class;AS-10240
US-2014-105767;23.05.2014;27.05.2014;Standard Class;AR-10510
CA-2016-161816;28.04.2016;01.05.2016;First Class;NB-18655
CA-2016-121223;11.09.2016;13.09.2016;Second Class;GD-14590
CA-2017-138611;14.11.2017;17.11.2017;Second Class;CK-12595
CA-2017-117947;18.08.2017;23.08.2017;Second Class;NG-18355
US-2014-111171;26.12.2014;31.12.2014;Standard Class;CA-12265
CA-2015-138009;29.11.2015;03.12.2015;Standard Class;SF-20965
CA-2017-163020;15.09.2017;19.09.2017;Standard Class;MO-17800
CA-2017-153787;19.05.2017;23.05.2017;Standard Class;AT-10735
CA-2017-133431;17.12.2017;21.12.2017;Standard Class;LC-17140
US-2016-135720;11.12.2016;13.12.2016;Second Class;FM-14380
CA-2017-144694;24.09.2017;26.09.2017;Second Class;BD-11605
CA-2015-168004;04.10.2015;09.10.2015;Second Class;DJ-13420
US-2016-123470;15.08.2016;21.08.2016;Standard Class;ME-17725
CA-2016-115917;20.05.2016;25.05.2016;Standard Class;RB-19465
CA-2016-147067;18.12.2016;22.12.2016;Standard Class;JD-16150
CA-2017-167913;30.07.2017;03.08.2017;Second Class;JL-15835
CA-2017-106103;10.06.2017;15.06.2017;Standard Class;SC-20305
US-2017-127719;21.07.2017;25.07.2017;Standard Class;TW-21025
CA-2017-126221;30.12.2017;05.01.2018;Standard Class;CC-12430
CA-2016-103947;01.04.2016;08.04.2016;Standard Class;BB-10990
CA-2016-160745;11.12.2016;16.12.2016;Second Class;AR-10825
CA-2016-132661;23.10.2016;29.10.2016;Standard Class;SR-20740
CA-2017-140844;19.06.2017;23.06.2017;Standard Class;AR-10405
CA-2016-137239;22.08.2016;28.08.2016;Standard Class;CR-12730
US-2016-156097;19.09.2016;19.09.2016;Same Day;EH-14125
CA-2015-146563;24.08.2015;28.08.2015;Standard Class;CB-12025
CA-2016-123666;26.03.2016;30.03.2016;Standard Class;SP-20545
CA-2016-143308;04.11.2016;04.11.2016;Same Day;RC-19825
CA-2017-132682;08.06.2017;10.06.2017;Second Class;TH-21235
CA-2014-156314;24.12.2014;26.12.2014;First Class;RP-19390
US-2017-106663;09.06.2017;13.06.2017;Standard Class;MO-17800
CA-2017-111178;15.06.2017;22.06.2017;Standard Class;TD-20995
CA-2017-130351;05.12.2017;08.12.2017;First Class;RB-19570
US-2017-119438;18.03.2017;23.03.2017;Standard Class;CD-11980
CA-2016-164511;19.11.2016;24.11.2016;Standard Class;DJ-13630
US-2017-168116;04.11.2017;04.11.2017;Same Day;GT-14635
CA-2014-157784;05.07.2014;08.07.2014;First Class;MC-17845
CA-2017-161480;25.12.2017;29.12.2017;Standard Class;RA-19285
US-2014-117135;21.06.2014;23.06.2014;Second Class;NP-18325
CA-2015-131534;28.03.2015;02.04.2015;Standard Class;AB-10165
CA-2015-119291;14.05.2015;17.05.2015;First Class;JO-15550
CA-2017-114552;02.09.2017;08.09.2017;Standard Class;Dl-13600
CA-2016-163755;04.11.2016;08.11.2016;Second Class;AS-10285
CA-2015-142027;09.04.2015;14.04.2015;Standard Class;JK-15370
CA-2014-138527;12.09.2014;17.09.2014;Standard Class;BN-11470
CA-2014-112158;02.12.2014;04.12.2014;First Class;DP-13165
CA-2014-113887;05.04.2014;07.04.2014;First Class;TH-21550
CA-2017-146136;03.09.2017;07.09.2017;Standard Class;AP-10915
US-2017-100048;19.05.2017;24.05.2017;Standard Class;RS-19765
CA-2014-153150;01.07.2014;06.07.2014;Second Class;Dl-13600
CA-2014-130092;11.01.2014;14.01.2014;First Class;SV-20365
CA-2017-108910;24.09.2017;29.09.2017;Standard Class;KC-16540
CA-2014-104472;02.06.2014;07.06.2014;Standard Class;CK-12325
CA-2016-112942;13.02.2016;18.02.2016;Standard Class;RD-19810
CA-2016-142335;15.12.2016;19.12.2016;Standard Class;MP-17965
CA-2014-117429;07.10.2014;13.10.2014;Standard Class;MR-17545
CA-2016-114713;07.07.2016;12.07.2016;Standard Class;SC-20695
CA-2017-144113;16.09.2017;20.09.2017;Standard Class;JF-15355
US-2016-150861;03.12.2016;06.12.2016;First Class;EG-13900
CA-2017-131954;21.01.2017;25.01.2017;Standard Class;DS-13030
CA-2014-132500;08.09.2014;12.09.2014;Standard Class;GZ-14470
CA-2014-112326;04.01.2014;08.01.2014;Standard Class;PO-19195
US-2016-146710;27.08.2016;01.09.2016;Standard Class;SS-20875
CA-2014-124429;27.05.2014;27.05.2014;Same Day;MH-17785
CA-2016-150889;20.03.2016;22.03.2016;Second Class;PB-19105
CA-2017-126074;02.10.2017;06.10.2017;Standard Class;RF-19735
CA-2016-110499;07.04.2016;09.04.2016;First Class;YC-21895
CA-2015-135272;07.12.2015;12.12.2015;Standard Class;MS-17830
CA-2016-140928;18.09.2016;22.09.2016;Standard Class;NB-18655
CA-2014-106803;29.12.2014;02.01.2015;Standard Class;DC-13285
CA-2017-117240;23.07.2017;28.07.2017;Standard Class;CP-12340
CA-2017-133333;18.09.2017;22.09.2017;Standard Class;BF-11020
CA-2015-112319;31.08.2015;05.09.2015;Standard Class;AR-10510
CA-2017-126046;03.11.2017;07.11.2017;Standard Class;JC-16105
CA-2015-114923;08.02.2015;13.02.2015;Standard Class;LH-17020
CA-2014-162775;13.01.2014;15.01.2014;Second Class;CS-12250
CA-2014-106810;14.05.2014;20.05.2014;Standard Class;AJ-10795
CA-2016-157245;19.05.2016;24.05.2016;Standard Class;LE-16810
CA-2017-104220;30.01.2017;05.02.2017;Standard Class;BV-11245
CA-2014-165974;29.06.2014;06.07.2014;Standard Class;DL-12865
CA-2015-144267;21.08.2015;23.08.2015;First Class;NZ-18565
US-2015-157014;03.10.2015;06.10.2015;Second Class;BM-11785
CA-2015-154921;23.05.2015;28.05.2015;Standard Class;EA-14035
CA-2017-129567;17.03.2017;21.03.2017;Second Class;CL-12565
CA-2015-154620;12.12.2015;16.12.2015;Standard Class;LT-17110
CA-2015-115938;26.06.2015;30.06.2015;Standard Class;SA-20830
CA-2016-105256;20.05.2016;20.05.2016;Same Day;JK-15730
CA-2014-156433;20.09.2014;26.09.2014;Standard Class;ES-14020
CA-2017-151428;21.09.2017;26.09.2017;Standard Class;RH-19495
CA-2015-124653;24.12.2015;26.12.2015;First Class;DB-13120
CA-2015-101910;27.11.2015;03.12.2015;Standard Class;CD-11920
CA-2017-105809;20.02.2017;23.02.2017;First Class;HW-14935
CA-2016-136133;18.08.2016;23.08.2016;Second Class;HW-14935
CA-2016-115504;12.03.2016;17.03.2016;Standard Class;MC-18130
CA-2017-135783;22.04.2017;24.04.2017;First Class;GM-14440
CA-2014-134313;01.11.2014;07.11.2014;Standard Class;RA-19915
CA-2015-140921;03.02.2015;05.02.2015;First Class;AA-10375
CA-2014-151995;13.10.2014;15.10.2014;First Class;ZC-21910
CA-2017-143686;14.05.2017;14.05.2017;Same Day;PJ-19015
CA-2015-106565;20.03.2015;23.03.2015;First Class;BW-11110
CA-2016-149370;15.09.2016;19.09.2016;Standard Class;DB-13210
CA-2014-140858;28.06.2014;02.07.2014;Standard Class;CA-12775
CA-2017-101434;20.06.2017;27.06.2017;Standard Class;TR-21325
US-2014-102071;09.05.2014;15.05.2014;Standard Class;PG-18820
CA-2017-126956;21.08.2017;28.08.2017;Standard Class;GT-14710
CA-2017-129462;16.06.2017;21.06.2017;Second Class;JE-15745
CA-2016-165316;23.07.2016;27.07.2016;Standard Class;JB-15400
US-2014-115987;08.09.2014;13.09.2014;Second Class;LH-17020
US-2017-156083;04.11.2017;11.11.2017;Standard Class;JL-15175
US-2016-137547;07.03.2016;12.03.2016;Standard Class;EB-13705
CA-2015-100454;20.11.2015;25.11.2015;Standard Class;BM-11650
CA-2016-161669;07.11.2016;09.11.2016;First Class;EM-14095
CA-2015-114300;13.10.2015;17.10.2015;Standard Class;AF-10885
CA-2017-107503;01.01.2017;06.01.2017;Standard Class;GA-14725
CA-2014-107755;07.02.2014;12.02.2014;Standard Class;CK-12760
CA-2016-152534;20.06.2016;25.06.2016;Second Class;DP-13105
CA-2016-113747;28.05.2016;04.06.2016;Standard Class;VD-21670
CA-2016-123274;19.02.2016;24.02.2016;Standard Class;GT-14710
CA-2014-125612;03.08.2014;08.08.2014;Standard Class;BK-11260
CA-2017-161984;10.04.2017;15.04.2017;Standard Class;SJ-20125
CA-2014-133851;09.06.2014;16.06.2014;Standard Class;CM-12445
CA-2016-134474;05.01.2016;07.01.2016;Second Class;AJ-10795
CA-2014-149020;10.01.2014;15.01.2014;Standard Class;AJ-10780
CA-2016-134362;29.09.2016;02.10.2016;First Class;LS-16945
CA-2014-136742;06.04.2014;10.04.2014;Standard Class;GP-14740
CA-2016-158099;03.09.2016;05.09.2016;First Class;PK-18910
CA-2015-131128;19.10.2015;20.10.2015;First Class;TB-21520
CA-2014-148488;10.12.2014;15.12.2014;Standard Class;SM-20005
CA-2017-114636;25.08.2017;29.08.2017;Standard Class;GA-14725
CA-2016-116736;17.01.2016;21.01.2016;Standard Class;CC-12430
US-2014-158638;17.09.2014;21.09.2014;Standard Class;AG-10765
CA-2017-111689;30.11.2017;02.12.2017;Second Class;HP-14815
CA-2015-129098;09.10.2015;13.10.2015;Standard Class;DK-13090
US-2017-123463;23.12.2017;23.12.2017;Same Day;GZ-14470
CA-2016-165148;22.10.2016;24.10.2016;First Class;PM-19135
CA-2014-134061;29.04.2014;04.05.2014;Standard Class;LL-16840
CA-2015-143602;25.04.2015;28.04.2015;Second Class;JS-15595
CA-2017-115364;26.06.2017;02.07.2017;Standard Class;OT-18730
CA-2017-150707;14.10.2017;19.10.2017;Standard Class;EL-13735
CA-2014-104976;09.12.2014;16.12.2014;Standard Class;CK-12760
CA-2017-132934;20.06.2017;26.06.2017;Standard Class;JE-15475
CA-2017-133256;26.06.2017;27.06.2017;First Class;TH-21550
CA-2016-105494;10.11.2016;12.11.2016;First Class;PC-18745
CA-2016-140634;03.10.2016;06.10.2016;Second Class;HL-15040
CA-2014-144407;09.09.2014;15.09.2014;Standard Class;MS-17365
CA-2017-160983;29.10.2017;31.10.2017;Second Class;GB-14530
US-2016-114622;10.04.2016;12.04.2016;First Class;JR-16210
CA-2017-150959;11.11.2017;13.11.2017;First Class;TD-20995
CA-2017-132353;15.09.2017;17.09.2017;First Class;DB-13060
CA-2016-130477;08.04.2016;12.04.2016;Standard Class;LC-17140
CA-2017-143259;30.12.2017;03.01.2018;Standard Class;PO-18865
CA-2017-137596;02.09.2017;07.09.2017;Standard Class;BE-11335
CA-2015-133627;31.05.2015;07.06.2015;Standard Class;SC-20050
CA-2017-102519;27.11.2017;29.11.2017;First Class;BM-11650
US-2014-141215;15.06.2014;21.06.2014;Standard Class;KL-16555
CA-2016-165218;05.03.2016;11.03.2016;Standard Class;RW-19630
CA-2014-138296;05.12.2014;12.12.2014;Standard Class;RC-19825
CA-2015-111164;11.04.2015;15.04.2015;Standard Class;SE-20110
CA-2016-149797;15.09.2016;20.09.2016;Standard Class;AH-10075
CA-2014-132962;13.09.2014;16.09.2014;First Class;JM-15535
CA-2015-115091;05.10.2015;09.10.2015;Standard Class;JJ-15760
CA-2017-144932;14.04.2017;17.04.2017;First Class;AB-10165
CA-2017-114216;02.09.2017;06.09.2017;Standard Class;RK-19300
CA-2016-140081;20.06.2016;24.06.2016;Standard Class;CG-12040
US-2017-111745;05.11.2017;06.11.2017;First Class;RA-19885
CA-2015-148250;13.12.2015;17.12.2015;Standard Class;RP-19270
CA-2016-105760;19.06.2016;20.06.2016;First Class;KC-16255
CA-2016-142958;13.12.2016;20.12.2016;Standard Class;RW-19630
CA-2015-120880;29.05.2015;03.06.2015;Standard Class;JL-15850
US-2015-140200;26.07.2015;28.07.2015;First Class;CA-12775
US-2017-110576;28.11.2017;02.12.2017;Standard Class;RB-19795
CA-2017-131156;03.04.2017;07.04.2017;Standard Class;KH-16360
CA-2017-136539;28.12.2017;01.01.2018;Standard Class;GH-14665
CA-2017-119305;30.11.2017;04.12.2017;Standard Class;SW-20275
CA-2017-102414;15.05.2017;18.05.2017;Second Class;JA-15970
CA-2015-112571;22.09.2015;22.09.2015;Same Day;DL-12925
CA-2017-152142;14.11.2017;19.11.2017;Standard Class;LW-16990
CA-2015-160059;27.11.2015;01.12.2015;Standard Class;TB-21190
CA-2016-120859;01.09.2016;04.09.2016;First Class;CV-12805
CA-2014-127488;22.09.2014;24.09.2014;Second Class;MS-17365
CA-2017-135279;09.04.2017;11.04.2017;First Class;BS-11800
CA-2014-115791;16.01.2014;18.01.2014;Second Class;DL-13315
US-2017-103247;05.10.2017;08.10.2017;Second Class;PO-19195
US-2017-100209;09.07.2017;15.07.2017;Standard Class;TD-20995
CA-2017-159366;07.01.2017;10.01.2017;First Class;BW-11110
CA-2016-145499;30.05.2016;31.05.2016;First Class;RW-19690
CA-2015-157035;09.12.2015;12.12.2015;First Class;KB-16600
CA-2016-144939;03.10.2016;08.10.2016;Standard Class;EB-13870
CA-2014-163419;11.11.2014;14.11.2014;Second Class;TZ-21580
CA-2017-100314;29.09.2017;05.10.2017;Standard Class;AS-10630
CA-2015-146829;10.03.2015;10.03.2015;Same Day;TS-21340
CA-2017-167899;21.05.2017;26.05.2017;Standard Class;JG-15805
CA-2015-153549;29.03.2015;31.03.2015;Second Class;SL-20155
CA-2016-110023;09.09.2016;11.09.2016;First Class;TS-21610
CA-2016-105585;26.08.2016;27.08.2016;First Class;RF-19735
CA-2014-117639;21.05.2014;25.05.2014;Standard Class;MW-18235
CA-2015-162537;28.10.2015;03.11.2015;Standard Class;RD-19585
CA-2016-155488;13.11.2016;17.11.2016;Standard Class;FM-14290
CA-2015-124891;31.07.2015;31.07.2015;Same Day;RH-19495
CA-2015-126445;27.08.2015;31.08.2015;Standard Class;RA-19945
CA-2015-111199;13.11.2015;17.11.2015;Standard Class;JK-15730
CA-2015-105312;06.11.2015;09.11.2015;First Class;MT-17815
US-2017-106705;26.12.2017;01.01.2018;Standard Class;PO-18850
CA-2017-135034;01.08.2017;03.08.2017;First Class;AT-10735
CA-2014-158540;24.11.2014;26.11.2014;First Class;VG-21790
CA-2017-118437;17.06.2017;21.06.2017;Second Class;PF-19165
US-2015-126214;21.12.2015;24.12.2015;Second Class;JS-15880
CA-2015-133025;17.09.2015;19.09.2015;Second Class;MO-17800
CA-2015-108665;06.07.2015;10.07.2015;Standard Class;KM-16225
CA-2015-124450;27.04.2015;03.05.2015;Standard Class;GT-14710
CA-2015-167269;16.06.2015;20.06.2015;Standard Class;PB-19150
CA-2017-106964;17.12.2017;20.12.2017;First Class;HR-14770
CA-2016-126529;11.01.2016;13.01.2016;Second Class;DE-13255
CA-2014-163552;11.07.2014;15.07.2014;Standard Class;LA-16780
CA-2016-109820;20.11.2016;22.11.2016;First Class;AG-10390
CA-2016-113061;22.04.2016;26.04.2016;Standard Class;EL-13735
CA-2015-127418;13.06.2015;14.06.2015;First Class;JJ-15445
CA-2017-121818;20.11.2017;21.11.2017;First Class;JH-15430
CA-2016-127670;20.03.2016;24.03.2016;Standard Class;RD-19660
CA-2016-102981;06.09.2016;09.09.2016;Second Class;MO-17500
CA-2017-115651;09.07.2017;12.07.2017;First Class;NS-18640
CA-2017-152702;12.10.2017;16.10.2017;Standard Class;SN-20710
CA-2016-169103;08.03.2016;13.03.2016;Standard Class;ZC-21910
CA-2014-139192;27.05.2014;01.06.2014;Second Class;LC-16885
US-2015-153500;03.07.2015;05.07.2015;First Class;DG-13300
CA-2015-110667;04.04.2015;08.04.2015;Standard Class;NF-18595
CA-2017-167150;10.12.2017;17.12.2017;Standard Class;BP-11185
CA-2016-105284;24.11.2016;01.12.2016;Standard Class;MG-17650
US-2015-125374;23.03.2015;29.03.2015;Standard Class;JD-16060
CA-2015-161263;16.04.2015;21.04.2015;Standard Class;TS-21160
CA-2016-157686;01.10.2016;02.10.2016;First Class;BD-11620
US-2017-139955;28.09.2017;30.09.2017;Second Class;CM-12160
US-2015-150161;25.07.2015;29.07.2015;Standard Class;RB-19795
CA-2015-144652;20.11.2015;26.11.2015;Standard Class;SN-20560
CA-2016-152814;28.04.2016;02.05.2016;Standard Class;EH-14005
CA-2017-106943;14.11.2017;19.11.2017;Standard Class;FO-14305
CA-2016-134348;12.11.2016;19.11.2016;Standard Class;MS-17710
CA-2016-161781;29.09.2016;30.09.2016;First Class;CC-12100
CA-2017-132521;23.09.2017;25.09.2017;Second Class;DW-13540
CA-2015-110016;29.11.2015;04.12.2015;Standard Class;BT-11395
US-2016-143819;01.03.2016;05.03.2016;Standard Class;KD-16270
CA-2016-167584;12.08.2016;12.08.2016;Same Day;LC-16870
CA-2016-166163;15.08.2016;20.08.2016;Second Class;CY-12745
CA-2017-158407;04.06.2017;10.06.2017;Standard Class;LW-16990
CA-2015-143490;06.12.2015;13.12.2015;Standard Class;NP-18325
CA-2015-165085;27.12.2015;31.12.2015;Standard Class;BT-11485
CA-2017-160423;21.01.2017;26.01.2017;Standard Class;PS-19045
CA-2014-159338;25.06.2014;28.06.2014;First Class;NS-18640
CA-2016-107216;14.06.2016;17.06.2016;First Class;PV-18985
US-2017-145863;21.04.2017;27.04.2017;Standard Class;RP-19390
CA-2016-112340;21.10.2016;27.10.2016;Standard Class;NM-18520
US-2016-110156;19.11.2016;24.11.2016;Standard Class;EH-13945
CA-2017-140585;18.12.2017;23.12.2017;Second Class;RA-19915
CA-2016-144855;22.07.2016;24.07.2016;Second Class;DL-13495
CA-2015-142755;04.09.2015;08.09.2015;Standard Class;CS-12355
US-2014-147627;20.01.2014;26.01.2014;Standard Class;HL-15040
CA-2015-105970;02.03.2015;07.03.2015;Standard Class;PA-19060
CA-2016-112102;12.04.2016;16.04.2016;Standard Class;BD-11605
US-2016-114776;06.12.2016;07.12.2016;First Class;GG-14650
US-2016-134908;05.06.2016;09.06.2016;Standard Class;JS-15940
US-2016-148803;11.12.2016;11.12.2016;Same Day;LR-16915
CA-2016-152170;12.11.2016;15.11.2016;Second Class;FH-14275
CA-2014-146969;29.09.2014;03.10.2014;Standard Class;AP-10915
CA-2015-112452;04.04.2015;04.04.2015;Same Day;NC-18340
CA-2015-113971;08.05.2015;14.05.2015;Standard Class;CB-12535
CA-2017-160395;31.12.2016;06.01.2017;Standard Class;KL-16555
CA-2014-136567;20.12.2014;21.12.2014;First Class;PS-19045
CA-2016-149314;02.07.2016;07.07.2016;Second Class;GB-14530
CA-2017-147039;29.06.2017;04.07.2017;Standard Class;AA-10315
CA-2014-126522;01.09.2014;05.09.2014;Second Class;LT-16765
CA-2014-127964;03.03.2014;08.03.2014;Standard Class;AP-10720
CA-2014-117709;04.05.2014;08.05.2014;Standard Class;PM-18940
CA-2015-125416;02.11.2015;02.11.2015;Same Day;KC-16540
CA-2017-145226;08.12.2017;10.12.2017;Second Class;DL-13315
US-2014-100279;10.03.2014;14.03.2014;Standard Class;SW-20275
CA-2014-158064;21.04.2014;25.04.2014;Standard Class;AA-10375
US-2015-104430;22.10.2015;26.10.2015;Standard Class;LT-17110
CA-2015-132080;22.08.2015;25.08.2015;First Class;DP-13105
CA-2016-161207;29.08.2016;03.09.2016;Standard Class;AB-10060
CA-2014-120243;27.12.2014;30.12.2014;Second Class;AT-10435
CA-2016-113621;01.12.2016;05.12.2016;Standard Class;JE-15745
CA-2016-168081;24.04.2016;27.04.2016;Second Class;CA-12055
CA-2014-128146;21.06.2014;25.06.2014;Standard Class;DB-13060
CA-2017-138779;14.01.2017;15.01.2017;First Class;RB-19570
CA-2014-127131;24.11.2014;30.11.2014;Standard Class;HR-14830
CA-2017-117212;26.02.2017;28.02.2017;Second Class;BT-11530
US-2015-130519;15.09.2015;15.09.2015;Same Day;NG-18355
CA-2016-130946;08.04.2016;12.04.2016;Standard Class;ZC-21910
CA-2016-114727;18.07.2016;24.07.2016;Standard Class;LS-16945
CA-2017-133235;01.08.2017;04.08.2017;First Class;LH-16750
CA-2016-137050;14.07.2016;18.07.2016;Second Class;SW-20755
US-2017-118087;09.09.2017;13.09.2017;Standard Class;SP-20620
CA-2014-110184;12.07.2014;16.07.2014;Standard Class;BF-11170
CA-2016-126004;04.12.2016;05.12.2016;First Class;BM-11140
CA-2017-100013;06.11.2017;11.11.2017;Standard Class;ZC-21910
CA-2015-132570;31.10.2015;02.11.2015;Second Class;KT-16480
CA-2016-153682;30.05.2016;01.06.2016;First Class;BG-11695
CA-2016-144344;28.10.2016;28.10.2016;Same Day;PG-18820
CA-2014-127012;11.08.2014;15.08.2014;Standard Class;GM-14680
CA-2016-128727;29.08.2016;04.09.2016;Standard Class;MO-17800
US-2016-162859;15.02.2016;22.02.2016;Standard Class;PG-18820
CA-2017-133641;14.05.2017;21.05.2017;Standard Class;EJ-14155
CA-2014-168494;12.12.2014;14.12.2014;Second Class;NP-18700
CA-2017-115602;18.12.2017;24.12.2017;Standard Class;DJ-13630
CA-2015-154956;04.07.2015;09.07.2015;Standard Class;IM-15070
CA-2017-144638;10.03.2017;14.03.2017;Standard Class;MH-18115
US-2016-168620;24.12.2016;28.12.2016;Second Class;RB-19795
CA-2017-117079;23.10.2017;27.10.2017;Standard Class;JR-15700
US-2016-144393;28.10.2016;04.11.2016;Standard Class;SM-20950
CA-2017-105053;07.07.2017;09.07.2017;Second Class;CS-12355
CA-2016-155992;01.10.2016;02.10.2016;First Class;CC-12220
CA-2017-110380;02.09.2017;07.09.2017;Standard Class;PF-19225
US-2014-167738;24.12.2014;29.12.2014;Standard Class;JC-16105
CA-2017-121412;23.09.2017;27.09.2017;Standard Class;BG-11695
CA-2017-100426;04.06.2017;08.06.2017;Standard Class;DC-12850
US-2016-103646;21.04.2016;26.04.2016;Standard Class;SP-20545
CA-2016-119186;26.05.2016;26.05.2016;Same Day;MS-17710
CA-2016-148698;02.05.2016;07.05.2016;Standard Class;BD-11770
CA-2014-163293;08.09.2014;11.09.2014;First Class;KC-16255
CA-2016-160815;05.09.2016;06.09.2016;First Class;TR-21325
CA-2017-122154;09.04.2017;11.04.2017;First Class;SA-20830
US-2015-149692;06.12.2015;12.12.2015;Standard Class;KW-16435
CA-2016-119445;26.06.2016;03.07.2016;Standard Class;GM-14500
CA-2015-124268;04.07.2015;08.07.2015;Standard Class;AD-10180
CA-2016-154711;22.11.2016;26.11.2016;Standard Class;TB-21355
CA-2016-163384;10.11.2016;12.11.2016;First Class;CC-12430
CA-2015-101707;27.08.2015;01.09.2015;Standard Class;PF-19165
CA-2015-138898;25.05.2015;29.05.2015;Standard Class;JH-16180
CA-2017-115427;30.12.2017;03.01.2018;Standard Class;EB-13975
CA-2016-134425;08.12.2016;12.12.2016;Second Class;QJ-19255
CA-2015-121391;04.10.2015;07.10.2015;First Class;AA-10315
CA-2016-137043;23.12.2016;25.12.2016;Second Class;LC-17140
CA-2015-115847;19.09.2015;24.09.2015;Second Class;TC-21535
US-2017-126179;03.07.2017;07.07.2017;Standard Class;CS-12460
CA-2016-101966;14.07.2016;16.07.2016;Second Class;BM-11785
CA-2016-141397;20.06.2016;21.06.2016;First Class;RC-19825
CA-2016-141082;09.12.2016;13.12.2016;Standard Class;FM-14380
US-2016-134488;24.09.2016;01.10.2016;Standard Class;PK-19075
CA-2016-145919;18.12.2016;23.12.2016;Standard Class;HG-14965
CA-2017-157651;10.12.2017;14.12.2017;Standard Class;HA-14920
CA-2014-160773;01.07.2014;05.07.2014;Standard Class;LW-16825
CA-2017-167703;03.02.2017;08.02.2017;Standard Class;MC-17575
CA-2017-121804;03.03.2017;08.03.2017;Standard Class;LP-17095
CA-2017-162635;09.10.2017;10.10.2017;First Class;EB-14170
CA-2014-107153;28.09.2014;03.10.2014;Standard Class;GZ-14545
US-2014-117058;27.05.2014;30.05.2014;First Class;LE-16810
CA-2015-120439;14.06.2015;18.06.2015;Standard Class;AD-10180
CA-2016-128258;30.03.2016;01.04.2016;First Class;CP-12085
CA-2017-106033;15.10.2017;18.10.2017;Second Class;FG-14260
CA-2016-142762;23.05.2016;27.05.2016;Standard Class;LD-17005
CA-2017-127705;02.06.2017;06.06.2017;Standard Class;AB-10255
CA-2014-122567;16.02.2014;21.02.2014;Standard Class;MN-17935
CA-2014-121664;06.05.2014;10.05.2014;Standard Class;HP-14815
CA-2016-122133;16.05.2016;23.05.2016;Standard Class;JR-15670
US-2017-123281;02.04.2017;07.04.2017;Standard Class;JF-15190
CA-2017-100524;31.03.2017;02.04.2017;Second Class;CM-12115
CA-2017-113481;02.01.2017;04.01.2017;First Class;AS-10045
CA-2015-131758;28.05.2015;01.06.2015;Standard Class;KB-16315
CA-2014-118339;17.03.2014;24.03.2014;Standard Class;BN-11515
CA-2014-153976;03.10.2014;08.10.2014;Second Class;BP-11290
CA-2016-162901;28.03.2016;31.03.2016;First Class;AS-10045
CA-2017-162978;04.05.2017;09.05.2017;Standard Class;LW-16990
US-2014-160444;05.07.2014;05.07.2014;Same Day;DC-12850
CA-2016-145247;05.05.2016;07.05.2016;First Class;ND-18370
CA-2017-160045;26.04.2017;27.04.2017;First Class;LB-16735
US-2014-151925;26.09.2014;01.10.2014;Second Class;KT-16465
CA-2017-125199;19.10.2017;25.10.2017;Standard Class;HM-14860
US-2017-155425;10.11.2017;11.11.2017;First Class;AB-10600
CA-2017-133249;08.07.2017;11.07.2017;First Class;SZ-20035
US-2015-103471;24.12.2015;28.12.2015;Standard Class;JR-15670
CA-2017-136672;07.03.2017;12.03.2017;Standard Class;MG-17890
US-2014-157021;01.04.2014;06.04.2014;Second Class;KM-16720
CA-2015-120362;14.09.2015;19.09.2015;Standard Class;CA-12265
CA-2014-126361;04.08.2014;09.08.2014;Second Class;VD-21670
US-2016-100566;03.09.2016;09.09.2016;Standard Class;JK-16120
US-2016-108504;05.02.2016;05.02.2016;Same Day;PP-18955
CA-2017-124828;03.07.2017;04.07.2017;First Class;YS-21880
US-2017-117247;09.10.2017;14.10.2017;Standard Class;CK-12760
CA-2016-124485;24.11.2016;26.11.2016;First Class;NC-18340
CA-2016-159212;01.11.2016;05.11.2016;Standard Class;KM-16375
US-2016-161396;19.04.2016;25.04.2016;Standard Class;GM-14455
US-2014-118486;06.04.2014;08.04.2014;First Class;SD-20485
CA-2016-130407;02.09.2016;06.09.2016;Standard Class;KD-16270
US-2016-122245;25.09.2016;30.09.2016;Standard Class;AB-10105
CA-2017-105144;04.11.2017;11.11.2017;Standard Class;SZ-20035
CA-2016-136329;09.07.2016;13.07.2016;Standard Class;JD-15895
CA-2014-146640;30.06.2014;05.07.2014;Standard Class;HA-14905
CA-2017-115994;28.01.2017;31.01.2017;Second Class;BT-11305
CA-2015-126697;21.09.2015;24.09.2015;First Class;SV-20815
CA-2015-124800;26.09.2015;30.09.2015;Standard Class;RW-19540
US-2015-164448;31.10.2015;04.11.2015;Second Class;DK-12835
CA-2017-122700;26.11.2017;30.11.2017;Standard Class;LT-17110
CA-2014-120768;19.12.2014;21.12.2014;Second Class;IM-15070
US-2016-153129;26.12.2016;30.12.2016;Standard Class;FP-14320
CA-2017-106852;20.06.2017;27.06.2017;Standard Class;ST-20530
CA-2015-139731;15.10.2015;15.10.2015;Same Day;JE-15745
CA-2017-122735;12.04.2017;15.04.2017;Second Class;BD-11320
CA-2017-128160;19.12.2017;24.12.2017;Second Class;MM-17920
CA-2017-117695;05.08.2017;08.08.2017;First Class;PW-19030
CA-2015-166135;01.10.2015;06.10.2015;Standard Class;SC-20440
CA-2016-133725;23.05.2016;28.05.2016;Standard Class;KL-16645
CA-2017-102337;13.06.2017;16.06.2017;First Class;SD-20485
US-2014-112564;23.04.2014;24.04.2014;First Class;TS-21160
CA-2015-145821;01.05.2015;07.05.2015;Standard Class;JB-15400
US-2015-160150;19.07.2015;20.07.2015;First Class;TS-21085
CA-2016-133711;26.11.2016;29.11.2016;First Class;MC-17425
CA-2017-148474;12.06.2017;19.06.2017;Standard Class;ME-17320
CA-2015-111297;17.08.2015;21.08.2015;Standard Class;SC-20440
CA-2016-123722;25.09.2016;01.10.2016;Standard Class;NH-18610
CA-2014-155271;04.05.2014;04.05.2014;Same Day;AA-10480
CA-2015-119907;01.12.2015;08.12.2015;Standard Class;LC-17140
US-2016-128902;11.03.2016;15.03.2016;Standard Class;MB-18085
CA-2016-152289;26.08.2016;28.08.2016;First Class;LC-16930
US-2016-104794;16.12.2016;19.12.2016;First Class;KD-16495
CA-2014-151708;08.08.2014;14.08.2014;Standard Class;MB-17305
CA-2015-100769;16.05.2015;16.05.2015;Same Day;TH-21550
CA-2017-139199;09.12.2017;13.12.2017;Standard Class;DK-12835
US-2015-161466;24.09.2015;27.09.2015;Second Class;ON-18715
CA-2017-164959;11.07.2017;15.07.2017;Standard Class;KN-16390
US-2015-105676;01.12.2015;02.12.2015;Same Day;NM-18520
CA-2016-113138;19.11.2016;25.11.2016;Standard Class;NP-18685
US-2017-104955;19.03.2017;24.03.2017;Standard Class;CG-12040
CA-2016-121958;13.11.2016;17.11.2016;Standard Class;CS-12505
CA-2017-121468;19.11.2017;20.11.2017;First Class;KD-16345
US-2016-108455;02.12.2016;08.12.2016;Standard Class;MK-18160
CA-2017-101210;25.08.2017;28.08.2017;Second Class;DW-13540
US-2016-108098;14.10.2016;18.10.2016;Standard Class;CP-12340
CA-2014-119032;27.11.2014;03.12.2014;Standard Class;MS-17770
CA-2015-140410;03.11.2015;07.11.2015;Standard Class;CM-12655
CA-2014-136280;29.11.2014;06.12.2014;Standard Class;Co-12640
CA-2017-151911;30.04.2017;05.05.2017;Second Class;DL-13495
CA-2017-166436;24.11.2017;28.11.2017;Standard Class;TS-21370
CA-2017-139661;30.10.2017;03.11.2017;Standard Class;JW-15220
CA-2014-123925;17.12.2014;19.12.2014;Second Class;RF-19840
CA-2017-152485;04.09.2017;08.09.2017;Standard Class;JD-15790
CA-2016-141586;17.10.2016;20.10.2016;First Class;NK-18490
CA-2017-130386;12.11.2017;18.11.2017;Standard Class;NG-18430
CA-2016-100468;24.11.2016;01.12.2016;Standard Class;AT-10435
CA-2015-153388;01.08.2015;07.08.2015;Standard Class;PC-19000
CA-2017-154935;24.12.2017;29.12.2017;Standard Class;AR-10540
CA-2016-134208;17.09.2016;23.09.2016;Standard Class;CS-12505
CA-2017-108294;10.12.2017;10.12.2017;Same Day;LS-16975
CA-2017-103611;12.09.2017;15.09.2017;First Class;JM-15535
CA-2017-100384;24.06.2017;01.07.2017;Standard Class;NH-18610
CA-2017-112809;18.08.2017;22.08.2017;Standard Class;RA-19915
US-2017-160759;11.12.2017;17.12.2017;Standard Class;AI-10855
CA-2017-148446;10.12.2017;14.12.2017;Second Class;MC-17845
CA-2014-111059;03.02.2014;06.02.2014;Second Class;TB-21400
CA-2017-116204;11.02.2017;14.02.2017;Second Class;VW-21775
CA-2017-109946;16.04.2017;21.04.2017;Standard Class;PL-18925
CA-2015-144806;06.12.2015;11.12.2015;Standard Class;GH-14425
CA-2016-122392;22.07.2016;27.07.2016;Standard Class;CJ-12010
CA-2015-148432;07.11.2015;10.11.2015;Second Class;MC-18130
CA-2015-103793;26.03.2015;31.03.2015;Standard Class;BV-11245
CA-2017-159884;31.08.2017;05.09.2017;Standard Class;JF-15490
CA-2016-139885;04.12.2016;08.12.2016;Standard Class;EB-13840
CA-2017-124086;10.02.2017;14.02.2017;Standard Class;MP-18175
CA-2016-112389;29.10.2016;02.11.2016;Standard Class;JM-15655
CA-2017-121888;15.09.2017;17.09.2017;Second Class;CL-11890
CA-2014-166884;11.03.2014;16.03.2014;Second Class;CK-12205
CA-2014-107181;04.02.2014;08.02.2014;Standard Class;DB-13270
CA-2014-150245;31.12.2014;04.01.2015;Second Class;PC-18745
CA-2015-111395;23.11.2015;27.11.2015;Standard Class;VB-21745
CA-2014-134278;06.07.2014;08.07.2014;First Class;EP-13915
US-2017-124926;13.11.2017;18.11.2017;Second Class;ME-17320
CA-2016-159345;17.06.2016;22.06.2016;Standard Class;IG-15085
CA-2014-130274;03.05.2014;05.05.2014;First Class;JS-15940
CA-2017-158386;16.10.2017;21.10.2017;Standard Class;BO-11425
CA-2015-111507;06.02.2015;13.02.2015;Standard Class;VW-21775
CA-2017-120761;04.09.2017;08.09.2017;Standard Class;AB-10150
CA-2016-109176;09.05.2016;15.05.2016;Standard Class;JW-16075
CA-2015-112116;16.03.2015;18.03.2015;Second Class;JE-15475
CA-2016-126809;09.04.2016;13.04.2016;Standard Class;EB-13750
CA-2014-105172;04.04.2014;09.04.2014;Standard Class;PK-18910
CA-2017-107293;05.09.2017;06.09.2017;First Class;CS-12400
US-2017-102890;30.06.2017;30.06.2017;Same Day;SG-20470
CA-2015-158554;09.11.2015;09.11.2015;Same Day;CM-12190
CA-2014-116239;04.03.2014;04.03.2014;Same Day;CL-12565
CA-2015-132101;19.03.2015;25.03.2015;Standard Class;JO-15550
CA-2015-129112;29.11.2015;30.11.2015;First Class;AW-10840
US-2017-152002;11.06.2017;11.06.2017;Same Day;DV-13465
CA-2017-165029;26.11.2017;30.11.2017;Standard Class;AH-10075
US-2014-157385;23.11.2014;25.11.2014;First Class;SC-20095
CA-2014-101602;15.12.2014;18.12.2014;First Class;MC-18100
CA-2016-109057;22.04.2016;27.04.2016;Standard Class;TT-21460
CA-2016-154403;23.05.2016;27.05.2016;Standard Class;AP-10720
CA-2016-102456;27.02.2016;01.03.2016;First Class;DL-12865
CA-2015-131338;09.08.2015;12.08.2015;First Class;NP-18325
CA-2016-109911;12.05.2016;16.05.2016;Standard Class;VG-21805
US-2016-132423;15.04.2016;19.04.2016;Standard Class;MY-18295
CA-2015-122826;23.06.2015;25.06.2015;Second Class;RD-19480
CA-2014-117317;19.10.2014;19.10.2014;Same Day;JF-15490
CA-2015-118423;24.03.2015;27.03.2015;First Class;DP-13390
CA-2017-149181;08.05.2017;12.05.2017;Standard Class;MD-17350
CA-2017-132234;16.10.2017;18.10.2017;First Class;MY-17380
CA-2017-158876;19.11.2017;21.11.2017;Second Class;AB-10150
CA-2016-164672;08.05.2016;13.05.2016;Second Class;GB-14530
US-2016-132857;11.12.2016;17.12.2016;Standard Class;CA-12775
CA-2017-116645;30.11.2017;04.12.2017;Standard Class;ME-17725
US-2016-115819;19.04.2016;24.04.2016;Second Class;JO-15280
CA-2014-156349;26.05.2014;30.05.2014;Standard Class;ML-17395
CA-2017-138380;21.12.2017;25.12.2017;Standard Class;YS-21880
US-2016-113509;15.03.2016;19.03.2016;Standard Class;PL-18925
CA-2015-130022;10.08.2015;16.08.2015;Standard Class;JK-16120
US-2016-118780;10.09.2016;14.09.2016;Second Class;PN-18775
CA-2017-108560;08.07.2017;15.07.2017;Standard Class;JC-15385
CA-2015-157084;19.12.2015;24.12.2015;Standard Class;JG-15160
CA-2015-164539;16.11.2015;22.11.2015;Standard Class;PO-19180
CA-2015-143119;24.09.2015;30.09.2015;Standard Class;MC-17275
CA-2017-101049;21.06.2017;25.06.2017;Second Class;AS-10240
CA-2016-106530;08.05.2016;08.05.2016;Same Day;CL-12565
CA-2014-168984;26.11.2014;02.12.2014;Standard Class;NW-18400
CA-2016-157266;26.05.2016;01.06.2016;Standard Class;TB-21280
US-2014-134712;29.11.2014;04.12.2014;Standard Class;BS-11380
CA-2015-111829;19.03.2015;20.03.2015;First Class;FH-14365
CA-2015-105221;01.11.2015;03.11.2015;First Class;VM-21685
CA-2015-120341;26.09.2015;29.09.2015;Second Class;SF-20200
CA-2014-135699;29.08.2014;29.08.2014;Same Day;HH-15010
US-2017-132444;18.11.2017;21.11.2017;First Class;CD-12280
CA-2014-127159;12.05.2014;15.05.2014;First Class;HL-15040
CA-2017-161809;20.01.2017;26.01.2017;Standard Class;TH-21100
CA-2017-127285;30.10.2017;06.11.2017;Standard Class;MM-18055
CA-2017-144526;30.04.2017;06.05.2017;Standard Class;QJ-19255
CA-2016-128531;24.11.2016;26.11.2016;Second Class;NS-18505
US-2015-157154;10.01.2015;15.01.2015;Standard Class;MM-17920
CA-2017-159457;19.10.2017;26.10.2017;Standard Class;RD-19480
CA-2016-107615;22.03.2016;25.03.2016;First Class;RB-19645
CA-2017-111647;03.07.2017;07.07.2017;Standard Class;RD-19585
CA-2015-150560;11.12.2015;12.12.2015;First Class;SW-20455
CA-2015-143077;17.09.2015;21.09.2015;Standard Class;SF-20965
CA-2016-122728;18.05.2016;24.05.2016;Standard Class;EB-13930
CA-2014-122882;07.09.2014;13.09.2014;Standard Class;SB-20290
US-2016-101497;29.09.2016;01.10.2016;Second Class;PS-18760
CA-2016-147585;07.11.2016;12.11.2016;Standard Class;CB-12535
CA-2017-149489;24.04.2017;27.04.2017;First Class;DK-12835
CA-2017-143798;10.12.2017;12.12.2017;First Class;AW-10840
CA-2014-142839;16.08.2014;20.08.2014;Standard Class;TS-21610
CA-2017-129833;09.12.2017;15.12.2017;Standard Class;HF-14995
US-2016-154361;14.03.2016;19.03.2016;Standard Class;HZ-14950
US-2016-158708;26.06.2016;29.06.2016;Second Class;AB-10255
CA-2015-156335;25.09.2015;28.09.2015;Second Class;PO-19195
CA-2015-148376;27.12.2015;31.12.2015;Standard Class;AG-10900
CA-2014-135657;03.06.2014;07.06.2014;Second Class;SC-20725
CA-2015-114069;13.07.2015;15.07.2015;Second Class;ND-18370
CA-2014-139857;02.02.2014;06.02.2014;Standard Class;CD-12790
CA-2016-106306;08.03.2016;08.03.2016;Same Day;PG-18820
CA-2015-100545;22.11.2015;26.11.2015;Standard Class;IM-15070
CA-2017-123491;30.10.2017;05.11.2017;Standard Class;JK-15205
CA-2015-145401;30.01.2015;04.02.2015;Standard Class;JP-15520
US-2017-124968;08.09.2017;13.09.2017;Second Class;MM-18055
CA-2017-104003;07.10.2017;13.10.2017;Standard Class;DC-13285
CA-2016-154788;30.04.2016;04.05.2016;Standard Class;JL-15835
CA-2016-169943;19.05.2016;24.05.2016;Standard Class;BN-11515
US-2015-123218;20.12.2015;25.12.2015;Standard Class;KD-16345
CA-2015-127453;19.12.2015;20.12.2015;First Class;JK-15370
US-2017-164056;29.04.2017;04.05.2017;Second Class;FM-14215
CA-2016-106894;07.02.2016;07.02.2016;Same Day;CA-12265
CA-2014-125136;28.09.2014;03.10.2014;Standard Class;KD-16495
US-2016-131149;10.07.2016;14.07.2016;Standard Class;LH-17155
CA-2017-101483;29.07.2017;01.08.2017;Second Class;AG-10675
CA-2015-130204;03.09.2015;09.09.2015;Standard Class;DB-13120
CA-2014-110527;09.08.2014;16.08.2014;Standard Class;ED-13885
CA-2017-152807;30.10.2017;03.11.2017;Standard Class;MC-18100
CA-2014-133270;06.06.2014;09.06.2014;First Class;BM-11785
CA-2016-155670;13.08.2016;17.08.2016;Second Class;EM-14065
US-2014-157406;25.04.2014;29.04.2014;Standard Class;DA-13450
CA-2015-139094;22.11.2015;27.11.2015;Standard Class;MO-17800
CA-2017-168837;14.10.2017;17.10.2017;First Class;JW-15955
CA-2017-116715;02.12.2017;05.12.2017;First Class;VW-21775
CA-2015-135622;08.12.2015;11.12.2015;Second Class;TT-21460
US-2015-107349;13.07.2015;15.07.2015;First Class;SL-20155
CA-2014-139017;11.05.2014;17.05.2014;Standard Class;RM-19375
CA-2014-141817;05.01.2014;12.01.2014;Standard Class;MB-18085
CA-2015-130785;05.09.2015;09.09.2015;Standard Class;AG-10900
CA-2016-110254;04.08.2016;08.08.2016;Standard Class;ML-17755
US-2014-158057;22.03.2014;26.03.2014;Standard Class;CC-12685
CA-2017-146024;02.03.2017;08.03.2017;Standard Class;SC-20770
CA-2016-129686;27.11.2016;29.11.2016;Second Class;GG-14650
CA-2014-118976;28.04.2014;03.05.2014;Standard Class;MY-18295
CA-2015-105347;24.11.2015;28.11.2015;Standard Class;DP-13000
CA-2016-124667;11.11.2016;16.11.2016;Standard Class;BD-11770
CA-2015-111094;09.07.2015;13.07.2015;Standard Class;CB-12535
CA-2017-166317;22.09.2017;26.09.2017;Standard Class;JE-15610
CA-2015-154326;15.02.2015;19.02.2015;Standard Class;RP-19855
CA-2014-102008;30.09.2014;04.10.2014;Standard Class;RA-19915
CA-2014-120474;01.12.2014;03.12.2014;First Class;RP-19390
CA-2014-104773;08.12.2014;13.12.2014;Standard Class;TB-21175
CA-2016-140774;05.09.2016;10.09.2016;Standard Class;BE-11455
US-2017-139465;27.08.2017;30.08.2017;First Class;MR-17545
CA-2016-100965;07.07.2016;11.07.2016;Standard Class;RM-19375
CA-2016-121034;08.08.2016;10.08.2016;Second Class;JF-15565
CA-2016-149461;13.11.2016;19.11.2016;Standard Class;AS-10135
CA-2017-158379;22.09.2017;26.09.2017;Second Class;JA-15970
US-2016-116729;25.12.2016;28.12.2016;First Class;GK-14620
CA-2016-164938;11.02.2016;13.02.2016;First Class;PB-19210
CA-2016-165484;23.10.2016;29.10.2016;Standard Class;HK-14890
CA-2014-132612;09.06.2014;11.06.2014;Second Class;FO-14305
US-2017-161193;20.11.2017;26.11.2017;Standard Class;BT-11680
CA-2015-131597;14.09.2015;18.09.2015;Standard Class;SP-20620
CA-2015-164833;04.06.2015;04.06.2015;Same Day;LL-16840
CA-2015-125423;13.12.2015;15.12.2015;Second Class;MC-17575
US-2014-130379;25.05.2014;29.05.2014;Standard Class;JL-15235
CA-2016-168956;16.02.2016;20.02.2016;Standard Class;EA-14035
CA-2016-167507;22.12.2016;28.12.2016;Standard Class;SA-20830
CA-2016-109344;08.02.2016;11.02.2016;Second Class;CH-12070
US-2015-140851;13.07.2015;15.07.2015;Second Class;ND-18460
CA-2014-103373;18.05.2014;24.05.2014;Standard Class;BS-11755
CA-2017-145884;21.10.2017;21.10.2017;Same Day;SL-20155
CA-2015-131422;05.11.2015;09.11.2015;Standard Class;GB-14530
CA-2017-162691;01.08.2017;07.08.2017;Standard Class;AS-10045
CA-2014-141278;21.06.2014;24.06.2014;First Class;RM-19375
CA-2017-122693;19.02.2017;21.02.2017;Second Class;NH-18610
CA-2014-117345;01.08.2014;05.08.2014;Standard Class;BF-10975
CA-2016-157763;18.07.2016;23.07.2016;Standard Class;KH-16330
CA-2015-135391;09.02.2015;11.02.2015;Second Class;FA-14230
US-2017-113852;29.07.2017;02.08.2017;Standard Class;GW-14605
US-2017-158512;12.01.2017;17.01.2017;Second Class;DA-13450
CA-2017-128370;10.09.2017;10.09.2017;Same Day;FH-14275
CA-2015-160472;20.07.2015;25.07.2015;Second Class;RK-19300
CA-2014-114643;13.06.2014;17.06.2014;Standard Class;FM-14215
US-2017-158218;12.05.2017;15.05.2017;Second Class;AC-10420
CA-2015-121608;03.09.2015;05.09.2015;First Class;JB-15400
US-2017-121251;26.03.2017;27.03.2017;First Class;GM-14440
CA-2014-151078;12.11.2014;12.11.2014;Same Day;RF-19840
US-2016-100839;13.10.2016;17.10.2016;Standard Class;NC-18625
US-2017-116659;12.11.2017;12.11.2017;Same Day;NG-18355
CA-2017-118857;15.04.2017;18.04.2017;First Class;AH-10075
CA-2015-127110;25.06.2015;01.07.2015;Standard Class;CH-12070
CA-2016-148201;26.08.2016;29.08.2016;Second Class;CC-12145
CA-2014-116932;21.07.2014;25.07.2014;Standard Class;ME-18010
CA-2017-142888;21.11.2017;25.11.2017;Standard Class;BP-11230
CA-2014-147914;04.06.2014;09.06.2014;Standard Class;MP-17470
US-2016-112977;10.03.2016;16.03.2016;Standard Class;CJ-12010
CA-2017-112039;25.03.2017;29.03.2017;Standard Class;JC-15775
CA-2017-118885;29.12.2017;02.01.2018;Standard Class;JG-15160
US-2017-166611;28.03.2017;02.04.2017;Standard Class;CK-12760
CA-2015-109512;05.03.2015;05.03.2015;Same Day;LF-17185
CA-2016-118570;13.11.2016;17.11.2016;Standard Class;CC-12430
CA-2017-154718;19.01.2017;23.01.2017;Second Class;DL-12865
CA-2016-147578;22.04.2016;26.04.2016;Second Class;PG-18895
CA-2014-140165;13.05.2014;15.05.2014;First Class;EH-14005
CA-2014-142587;21.10.2014;22.10.2014;First Class;TB-21520
CA-2014-157623;14.03.2014;18.03.2014;Standard Class;DK-13225
CA-2017-145310;22.12.2017;24.12.2017;Second Class;JP-15520
CA-2016-100083;24.11.2016;29.11.2016;Standard Class;CD-11980
US-2017-108063;02.12.2017;05.12.2017;First Class;AS-10090
CA-2015-109197;31.12.2015;04.01.2016;Standard Class;JO-15280
CA-2017-141789;03.10.2017;06.10.2017;First Class;AC-10450
CA-2014-169775;29.08.2014;02.09.2014;Second Class;RA-19945
CA-2016-140543;29.06.2016;03.07.2016;Second Class;Co-12640
CA-2016-151141;20.08.2016;23.08.2016;First Class;DW-13480
CA-2017-167094;21.10.2017;22.10.2017;First Class;DK-12835
CA-2017-154410;21.10.2017;24.10.2017;First Class;MD-17860
US-2016-150567;17.05.2016;21.05.2016;Standard Class;RP-19855
CA-2015-157959;03.02.2015;04.02.2015;First Class;RW-19540
CA-2017-105886;18.12.2017;23.12.2017;Standard Class;DB-13660
CA-2016-105963;15.11.2016;22.11.2016;Standard Class;SC-20770
CA-2017-121503;03.07.2017;06.07.2017;Second Class;FH-14275
CA-2014-103366;15.01.2014;17.01.2014;First Class;EH-13990
CA-2017-124597;30.04.2017;05.05.2017;Standard Class;AS-10630
CA-2015-105634;08.11.2015;14.11.2015;Standard Class;HA-14905
CA-2015-123673;30.10.2015;01.11.2015;Second Class;CH-12070
US-2017-111423;17.08.2017;19.08.2017;First Class;EH-13765
CA-2015-125178;03.10.2015;09.10.2015;Standard Class;MZ-17515
CA-2016-156685;08.07.2016;10.07.2016;Second Class;SC-20230
CA-2017-126865;05.12.2017;07.12.2017;Second Class;NP-18325
CA-2017-102834;09.03.2017;13.03.2017;Standard Class;LW-16990
US-2016-139710;09.06.2016;15.06.2016;Standard Class;GM-14680
CA-2017-121538;28.11.2017;01.12.2017;First Class;RH-19495
US-2017-101539;16.03.2017;18.03.2017;Second Class;VM-21685
CA-2016-152121;27.11.2016;29.11.2016;Second Class;CC-12670
CA-2017-161200;06.08.2017;10.08.2017;Second Class;SV-20365
CA-2017-101245;27.11.2017;03.12.2017;Standard Class;LW-16990
CA-2015-141768;25.05.2015;27.05.2015;Second Class;NP-18685
CA-2016-112109;08.07.2016;12.07.2016;Standard Class;JE-15715
CA-2017-144064;29.08.2017;01.09.2017;First Class;CP-12085
CA-2016-108581;20.06.2016;26.06.2016;Standard Class;EA-14035
CA-2017-157987;02.09.2017;06.09.2017;Standard Class;AC-10615
CA-2017-110905;10.09.2017;15.09.2017;Second Class;RW-19690
CA-2017-165841;21.12.2017;28.12.2017;Standard Class;DB-13210
CA-2017-117485;23.09.2017;29.09.2017;Standard Class;BD-11320
CA-2017-140242;06.05.2017;11.05.2017;Standard Class;ML-17755
CA-2014-148950;14.12.2014;19.12.2014;Standard Class;JD-16015
CA-2014-110408;18.10.2014;20.10.2014;Second Class;AS-10225
CA-2015-109939;08.05.2015;12.05.2015;Standard Class;AA-10375
CA-2016-112669;14.04.2016;14.04.2016;Same Day;KT-16465
CA-2015-119592;14.12.2015;16.12.2015;Second Class;MM-18280
CA-2014-122749;03.12.2014;09.12.2014;Standard Class;NG-18430
CA-2014-164721;25.11.2014;27.11.2014;Second Class;LW-16825
CA-2016-147417;25.07.2016;27.07.2016;First Class;CB-12415
CA-2015-127509;09.11.2015;13.11.2015;Standard Class;AS-10090
CA-2017-111374;24.02.2017;28.02.2017;Standard Class;CB-12415
CA-2017-133648;25.06.2017;02.07.2017;Standard Class;ML-17755
US-2017-147221;02.12.2017;04.12.2017;Second Class;JS-16030
CA-2014-131905;06.02.2014;09.02.2014;First Class;ND-18460
CA-2017-166128;11.04.2017;18.04.2017;Standard Class;LW-17215
CA-2017-163510;25.12.2017;28.12.2017;Second Class;JW-15955
US-2017-143028;11.04.2017;18.04.2017;Standard Class;SC-20050
CA-2014-111150;31.12.2014;04.01.2015;Standard Class;RW-19630
CA-2017-165386;03.08.2017;04.08.2017;First Class;CM-12190
CA-2014-116407;15.11.2014;21.11.2014;Standard Class;JF-15190
CA-2015-155761;11.12.2015;11.12.2015;Same Day;SC-20800
CA-2016-145905;18.09.2016;23.09.2016;Standard Class;AM-10705
CA-2015-113110;19.03.2015;23.03.2015;Standard Class;BK-11260
CA-2016-168354;19.09.2016;21.09.2016;First Class;RH-19510
US-2017-111241;20.08.2017;22.08.2017;Second Class;GM-14500
CA-2015-114237;13.03.2015;15.03.2015;First Class;MC-17275
CA-2016-113516;08.09.2016;10.09.2016;Second Class;VM-21685
CA-2015-117961;26.11.2015;30.11.2015;Standard Class;GP-14740
CA-2016-128923;09.12.2016;13.12.2016;Standard Class;GB-14530
CA-2017-162481;25.09.2017;29.09.2017;Standard Class;CT-11995
CA-2015-119214;23.01.2015;27.01.2015;Standard Class;CW-11905
CA-2015-122287;18.06.2015;23.06.2015;Standard Class;SN-20560
CA-2015-104493;02.10.2015;08.10.2015;Standard Class;EB-13705
US-2017-158946;18.11.2017;23.11.2017;Standard Class;JW-15220
CA-2014-129168;17.08.2014;23.08.2014;Standard Class;KB-16585
CA-2016-131835;17.07.2016;21.07.2016;Standard Class;MC-17590
CA-2015-142237;11.07.2015;13.07.2015;First Class;CK-12595
CA-2016-136434;01.12.2016;07.12.2016;Standard Class;RD-19480
CA-2017-120376;22.12.2017;25.12.2017;First Class;TP-21130
CA-2014-106439;31.10.2014;04.11.2014;Standard Class;GG-14650
CA-2015-133452;13.04.2015;19.04.2015;Standard Class;ZC-21910
CA-2016-146521;21.07.2016;23.07.2016;Second Class;CC-12610
US-2017-110996;20.11.2017;25.11.2017;Standard Class;KA-16525
CA-2016-129693;26.11.2016;02.12.2016;Standard Class;TC-20980
CA-2017-122504;07.11.2017;12.11.2017;Second Class;DB-13270
CA-2014-131051;01.12.2014;05.12.2014;Standard Class;TR-21325
CA-2017-140676;12.09.2017;15.09.2017;First Class;BF-11080
CA-2015-120103;24.12.2015;29.12.2015;Standard Class;MS-17365
CA-2017-104647;23.02.2017;01.03.2017;Standard Class;CK-12595
CA-2014-110352;23.11.2014;29.11.2014;Standard Class;ED-13885
CA-2016-140501;23.06.2016;28.06.2016;Standard Class;IM-15070
CA-2015-139290;26.10.2015;30.10.2015;Standard Class;MY-17380
CA-2017-166142;15.07.2017;19.07.2017;Standard Class;MM-17260
CA-2014-145926;17.11.2014;21.11.2014;Standard Class;MP-17470
CA-2015-149678;13.04.2015;15.04.2015;Second Class;AW-10840
US-2015-164357;25.11.2015;29.11.2015;Standard Class;SF-20065
US-2016-146570;15.05.2016;20.05.2016;Standard Class;SN-20710
CA-2017-124401;07.09.2017;12.09.2017;Standard Class;RD-19900
US-2014-140116;10.03.2014;17.03.2014;Standard Class;KT-16480
CA-2014-123295;18.07.2014;18.07.2014;Same Day;AH-10120
CA-2017-167101;24.03.2017;28.03.2017;Second Class;BM-11650
US-2014-167633;30.09.2014;05.10.2014;Standard Class;BW-11200
US-2014-152723;26.09.2014;26.09.2014;Same Day;HG-14965
CA-2015-164882;31.10.2015;31.10.2015;Same Day;SG-20080
CA-2015-159786;12.10.2015;17.10.2015;Second Class;RK-19300
CA-2016-130267;19.09.2016;23.09.2016;Standard Class;SW-20245
CA-2017-155460;13.04.2017;15.04.2017;First Class;RW-19630
US-2017-168690;07.01.2017;13.01.2017;Standard Class;TS-21085
CA-2017-158246;09.11.2017;11.11.2017;First Class;JB-15400
CA-2017-167381;22.09.2017;24.09.2017;Second Class;EH-14005
CA-2017-144862;01.12.2017;05.12.2017;Standard Class;EH-14005
CA-2014-126032;23.06.2014;28.06.2014;Standard Class;BS-11665
CA-2015-134859;04.10.2015;09.10.2015;Standard Class;JK-16120
US-2014-114188;20.05.2014;22.05.2014;Second Class;RF-19345
CA-2015-156524;20.11.2015;26.11.2015;Standard Class;DL-12865
CA-2015-122210;30.11.2015;04.12.2015;Standard Class;WB-21850
CA-2015-156377;31.12.2015;05.01.2016;Standard Class;TB-21625
US-2017-157896;16.11.2017;16.11.2017;Same Day;CB-12415
CA-2014-159520;06.06.2014;11.06.2014;Standard Class;GT-14635
CA-2016-155481;01.09.2016;05.09.2016;Standard Class;DK-13225
US-2016-152051;25.06.2016;29.06.2016;Standard Class;TS-21160
CA-2014-141607;12.12.2014;17.12.2014;Standard Class;WB-21850
CA-2017-102771;31.03.2017;05.04.2017;Standard Class;DO-13435
US-2017-139969;19.11.2017;26.11.2017;Standard Class;AF-10870
CA-2014-167360;24.11.2014;29.11.2014;Second Class;RB-19435
CA-2015-123505;22.11.2015;26.11.2015;Standard Class;AR-10540
CA-2016-117282;14.07.2016;18.07.2016;Standard Class;DR-12880
US-2016-120460;30.04.2016;05.05.2016;Standard Class;BF-11170
CA-2016-111115;25.07.2016;27.07.2016;Second Class;LB-16735
CA-2014-124646;22.06.2014;24.06.2014;First Class;DV-13465
CA-2017-148166;21.10.2017;26.10.2017;Standard Class;NK-18490
CA-2016-159737;03.09.2016;09.09.2016;Standard Class;CS-11950
CA-2016-141019;14.05.2016;14.05.2016;Same Day;LH-17155
CA-2016-101938;07.01.2016;12.01.2016;Standard Class;DW-13480
CA-2017-166296;13.03.2017;19.03.2017;Standard Class;KF-16285
CA-2016-154018;13.10.2016;19.10.2016;Standard Class;HA-14920
CA-2017-117870;27.01.2017;30.01.2017;Second Class;JH-15820
US-2017-137491;19.11.2017;25.11.2017;Standard Class;LC-16930
CA-2014-152296;01.08.2014;03.08.2014;First Class;IL-15100
CA-2016-112025;30.07.2016;04.08.2016;Standard Class;LS-16975
CA-2015-132507;30.07.2015;03.08.2015;Second Class;CC-12610
CA-2016-125738;15.10.2016;21.10.2016;Standard Class;PB-18805
CA-2016-128818;07.05.2016;11.05.2016;Standard Class;CJ-12010
CA-2017-124576;01.08.2017;04.08.2017;Second Class;HK-14890
CA-2016-101378;14.07.2016;14.07.2016;Same Day;RH-19600
CA-2017-143063;10.08.2017;15.08.2017;Standard Class;IL-15100
CA-2016-118913;25.06.2016;29.06.2016;Standard Class;AS-10240
CA-2016-128412;10.12.2016;17.12.2016;Standard Class;AP-10915
CA-2016-136483;01.12.2016;06.12.2016;Standard Class;AG-10390
CA-2014-163013;28.11.2014;04.12.2014;Standard Class;BF-11080
CA-2015-135363;28.03.2015;02.04.2015;Standard Class;CK-12205
US-2014-165659;01.06.2014;06.06.2014;Standard Class;LT-17110
CA-2015-138002;06.09.2015;12.09.2015;Standard Class;BT-11305
CA-2015-128860;29.06.2015;05.07.2015;Standard Class;SC-20725
CA-2016-164350;10.09.2016;12.09.2016;Second Class;CG-12040
US-2014-103905;14.07.2014;20.07.2014;Standard Class;AW-10930
CA-2015-129854;22.08.2015;26.08.2015;Standard Class;RB-19705
CA-2014-125556;14.11.2014;16.11.2014;Second Class;ML-17410
CA-2016-162313;27.11.2016;30.11.2016;First Class;VB-21745
CA-2017-107874;21.11.2017;25.11.2017;Standard Class;SW-20275
CA-2017-129378;01.10.2017;02.10.2017;First Class;NS-18505
CA-2014-151953;20.09.2014;25.09.2014;Standard Class;DB-13555
CA-2017-130841;28.07.2017;01.08.2017;Standard Class;MH-17620
CA-2015-131884;06.12.2015;06.12.2015;Same Day;DK-13375
CA-2017-121909;31.07.2017;05.08.2017;Standard Class;EA-14035
CA-2016-106383;19.03.2016;21.03.2016;Second Class;BT-11440
CA-2017-130771;29.07.2017;03.08.2017;Standard Class;LA-16780
CA-2016-139157;01.10.2016;05.10.2016;Standard Class;GM-14680
CA-2014-128055;31.03.2014;05.04.2014;Standard Class;AA-10315
CA-2017-157091;26.06.2017;01.07.2017;Standard Class;DB-13405
CA-2017-132122;09.07.2017;14.07.2017;Standard Class;JH-15820
CA-2015-123232;14.12.2015;16.12.2015;Second Class;DJ-13630
CA-2017-104066;05.12.2017;10.12.2017;Standard Class;QJ-19255
CA-2015-145849;15.09.2015;17.09.2015;Second Class;CT-11995
CA-2016-122322;15.07.2016;21.07.2016;Standard Class;RH-19510
CA-2017-166849;20.04.2017;26.04.2017;Standard Class;SJ-20125
CA-2016-146633;15.11.2016;17.11.2016;Second Class;TG-21310
US-2016-126893;26.11.2016;01.12.2016;Standard Class;CT-11995
CA-2017-103380;21.11.2017;25.11.2017;Standard Class;BF-11005
CA-2015-116092;15.02.2015;18.02.2015;Second Class;JM-16195
CA-2016-117849;15.04.2016;17.04.2016;Second Class;JK-16120
CA-2015-169201;28.09.2015;01.10.2015;First Class;HG-14965
CA-2016-164091;17.09.2016;22.09.2016;Standard Class;LA-16780
CA-2017-105214;16.06.2017;19.06.2017;First Class;TS-21610
CA-2015-117611;08.11.2015;10.11.2015;Second Class;MZ-17335
US-2015-137960;18.12.2015;18.12.2015;Same Day;MW-18220
CA-2017-122994;06.02.2017;09.02.2017;First Class;MV-17485
CA-2016-131065;14.11.2016;16.11.2016;Second Class;AA-10375
CA-2017-149146;12.10.2017;12.10.2017;Same Day;SM-20320
CA-2017-137470;17.09.2017;17.09.2017;Same Day;TP-21415
CA-2017-105480;20.12.2017;26.12.2017;Standard Class;DK-13225
CA-2017-164917;02.12.2017;07.12.2017;Standard Class;MK-17905
CA-2015-102036;21.09.2015;27.09.2015;Standard Class;CS-12130
CA-2015-142944;06.03.2015;11.03.2015;Standard Class;JL-15850
CA-2014-157882;03.10.2014;08.10.2014;Second Class;AR-10405
CA-2014-104283;27.06.2014;01.07.2014;Standard Class;LM-17065
CA-2017-142622;30.10.2017;02.11.2017;First Class;JK-15625
CA-2016-132143;03.09.2016;05.09.2016;First Class;FM-14215
CA-2015-153108;05.03.2015;09.03.2015;Standard Class;SF-20200
CA-2016-112676;05.05.2016;08.05.2016;First Class;PJ-18835
CA-2017-165687;17.11.2017;23.11.2017;Standard Class;CS-12355
US-2017-112928;01.06.2017;05.06.2017;Second Class;BB-10990
CA-2017-143343;10.06.2017;13.06.2017;First Class;BW-11200
CA-2017-115154;08.01.2017;11.01.2017;First Class;RS-19420
CA-2015-149342;20.04.2015;25.04.2015;Standard Class;TS-21160
CA-2015-130995;01.11.2015;06.11.2015;Standard Class;QJ-19255
CA-2017-127929;23.12.2017;27.12.2017;Standard Class;FM-14215
CA-2015-113145;01.11.2015;05.11.2015;Standard Class;VD-21670
CA-2014-162362;14.11.2014;18.11.2014;Standard Class;JL-15505
CA-2016-106558;17.01.2016;21.01.2016;Standard Class;DL-13495
CA-2017-157931;17.09.2017;22.09.2017;Second Class;MO-17800
CA-2016-115574;23.12.2016;24.12.2016;First Class;BP-11185
CA-2015-160794;06.08.2015;08.08.2015;First Class;MS-17980
CA-2017-116225;05.11.2017;09.11.2017;Standard Class;SV-20935
US-2017-120418;11.06.2017;12.06.2017;First Class;BC-11125
CA-2017-122035;20.07.2017;25.07.2017;Standard Class;EM-13825
CA-2015-117828;23.12.2015;26.12.2015;First Class;BD-11500
CA-2017-165491;20.03.2017;24.03.2017;Standard Class;HW-14935
CA-2015-109470;31.12.2015;03.01.2016;Second Class;KC-16255
CA-2015-105102;15.09.2015;19.09.2015;Second Class;BM-11575
CA-2017-138422;23.09.2017;26.09.2017;First Class;KN-16705
US-2015-147739;25.12.2015;29.12.2015;Standard Class;JD-16150
CA-2016-155187;24.09.2016;26.09.2016;Second Class;LA-16780
CA-2017-169285;21.03.2017;25.03.2017;Standard Class;RW-19690
CA-2014-140886;30.09.2014;04.10.2014;Standard Class;KW-16570
CA-2017-152695;10.12.2017;10.12.2017;Same Day;CC-12220
CA-2014-110639;23.08.2014;23.08.2014;Same Day;RH-19495
CA-2014-121727;19.08.2014;24.08.2014;Standard Class;JK-15625
CA-2016-137736;10.11.2016;15.11.2016;Standard Class;DC-13285
US-2014-143231;31.12.2014;03.01.2015;First Class;GM-14455
US-2014-155894;26.07.2014;30.07.2014;Second Class;CL-11890
CA-2016-119025;22.02.2016;28.02.2016;Standard Class;PV-18985
CA-2016-159373;13.03.2016;18.03.2016;Standard Class;LT-17110
CA-2017-109701;02.12.2017;03.12.2017;Same Day;AM-10360
CA-2015-111514;31.08.2015;02.09.2015;First Class;SC-20260
US-2014-148838;17.03.2014;21.03.2014;Standard Class;CP-12340
CA-2017-136497;16.04.2017;20.04.2017;Standard Class;RF-19840
US-2016-108637;13.03.2016;18.03.2016;Standard Class;AB-10060
CA-2014-102295;24.11.2014;26.11.2014;Second Class;EH-13990
CA-2017-123659;10.02.2017;13.02.2017;First Class;MN-17935
US-2016-129469;23.09.2016;27.09.2016;Standard Class;KL-16555
CA-2017-155152;07.07.2017;09.07.2017;Second Class;MP-17965
CA-2016-159940;07.07.2016;11.07.2016;Second Class;BF-11020
CA-2017-119669;24.01.2017;30.01.2017;Standard Class;TP-21130
US-2014-164616;19.08.2014;21.08.2014;Second Class;MS-17770
CA-2015-148628;06.12.2015;11.12.2015;Standard Class;KM-16375
CA-2016-118052;06.05.2016;10.05.2016;Standard Class;BE-11455
US-2017-117534;25.03.2017;26.03.2017;First Class;CV-12295
CA-2015-145065;12.12.2015;15.12.2015;First Class;DK-13375
US-2015-127040;06.12.2015;10.12.2015;Standard Class;SG-20605
CA-2016-128111;17.03.2016;23.03.2016;Standard Class;CS-12355
CA-2015-137897;14.11.2015;19.11.2015;Standard Class;PJ-18835
CA-2017-169264;14.08.2017;16.08.2017;Second Class;NP-18700
CA-2017-147361;09.09.2017;15.09.2017;Standard Class;SB-20290
CA-2017-145877;01.04.2017;04.04.2017;Second Class;AS-10090
US-2016-110170;27.09.2016;03.10.2016;Standard Class;HM-14860
CA-2017-108574;07.10.2017;11.10.2017;Standard Class;MG-18145
CA-2017-144589;20.01.2017;25.01.2017;Standard Class;TM-21010
CA-2017-155985;23.03.2017;25.03.2017;First Class;BE-11335
CA-2014-162684;01.08.2014;06.08.2014;Standard Class;AS-10630
CA-2015-142041;07.06.2015;09.06.2015;Second Class;EM-13810
CA-2014-151295;12.11.2014;16.11.2014;Standard Class;JA-15970
CA-2016-156300;29.12.2016;02.01.2017;Standard Class;TB-21595
CA-2015-146087;06.07.2015;11.07.2015;Standard Class;PP-18955
CA-2017-168655;12.10.2017;18.10.2017;Standard Class;ML-18040
CA-2016-107202;21.05.2016;28.05.2016;Standard Class;LC-16930
CA-2017-159597;09.11.2017;14.11.2017;Standard Class;MC-17590
CA-2016-155551;18.04.2016;23.04.2016;Standard Class;CR-12580
US-2017-147669;25.12.2017;30.12.2017;Standard Class;SV-20935
CA-2016-169922;11.06.2016;17.06.2016;Standard Class;MZ-17515
CA-2017-100748;13.05.2017;20.05.2017;Standard Class;RB-19795
CA-2017-129805;28.12.2017;02.01.2018;Standard Class;HM-14860
CA-2014-148586;25.03.2014;01.04.2014;Standard Class;AZ-10750
US-2017-112613;28.05.2017;01.06.2017;Standard Class;JH-15910
CA-2015-154746;14.11.2015;17.11.2015;First Class;PJ-18835
CA-2017-140053;03.07.2017;10.07.2017;Standard Class;CA-12265
CA-2014-164210;18.11.2014;20.11.2014;Second Class;PW-19240
CA-2017-139948;17.07.2017;22.07.2017;Standard Class;SW-20455
CA-2016-146934;22.05.2016;27.05.2016;Standard Class;AF-10870
CA-2015-100573;25.09.2015;01.10.2015;Standard Class;AM-10705
CA-2016-119165;31.10.2016;06.11.2016;Standard Class;BD-11320
CA-2015-128027;14.09.2015;17.09.2015;Second Class;CM-12385
CA-2016-140207;05.11.2016;10.11.2016;Standard Class;CS-12400
CA-2017-140949;17.03.2017;22.03.2017;Second Class;DB-13405
CA-2017-138548;15.08.2017;21.08.2017;Standard Class;JG-15160
CA-2015-142419;11.07.2015;13.07.2015;Second Class;SC-20380
CA-2017-148691;03.12.2017;09.12.2017;Standard Class;CS-12460
CA-2017-128755;04.05.2017;08.05.2017;Standard Class;MK-18160
US-2016-135923;22.01.2016;28.01.2016;Standard Class;CM-11935
CA-2016-114972;03.11.2016;06.11.2016;First Class;PF-19225
CA-2017-102750;04.09.2017;08.09.2017;Second Class;GM-14695
CA-2014-145212;13.09.2014;19.09.2014;Standard Class;DC-12850
CA-2017-141992;19.06.2017;25.06.2017;Standard Class;FO-14305
CA-2017-147956;24.12.2017;31.12.2017;Standard Class;AH-10210
CA-2017-126067;28.08.2017;03.09.2017;Standard Class;KN-16705
CA-2015-104514;02.01.2015;04.01.2015;Second Class;CB-12535
CA-2015-141040;09.10.2015;13.10.2015;Second Class;TB-21250
CA-2014-113579;13.12.2014;15.12.2014;Second Class;KD-16345
CA-2014-144624;19.11.2014;23.11.2014;Standard Class;JM-15865
CA-2016-146206;10.09.2016;14.09.2016;Second Class;KT-16480
CA-2014-136644;16.06.2014;22.06.2014;Standard Class;SC-20575
CA-2015-122371;26.09.2015;01.10.2015;Standard Class;BS-11800
CA-2016-126935;19.05.2016;24.05.2016;Standard Class;BT-11395
US-2017-133781;22.06.2017;23.06.2017;First Class;DC-12850
CA-2017-131618;17.06.2017;20.06.2017;First Class;LS-17200
CA-2016-149482;14.11.2016;19.11.2016;Standard Class;RR-19315
CA-2014-143917;25.07.2014;27.07.2014;Second Class;KL-16645
CA-2015-120397;02.07.2015;02.07.2015;Same Day;RB-19435
CA-2017-163902;02.03.2017;08.03.2017;Standard Class;MY-17380
CA-2016-136812;18.11.2016;23.11.2016;Standard Class;AW-10930
CA-2015-102722;18.04.2015;19.04.2015;First Class;KW-16570
CA-2017-155089;02.12.2017;06.12.2017;Standard Class;DB-12910
CA-2016-124506;11.11.2016;17.11.2016;Standard Class;BB-11545
CA-2014-106572;05.09.2014;10.09.2014;Standard Class;NP-18700
CA-2014-128888;15.11.2014;22.11.2014;Standard Class;PB-19105
CA-2017-123134;02.05.2017;07.05.2017;Standard Class;DW-13585
CA-2016-124352;15.10.2016;21.10.2016;Standard Class;CD-12790
CA-2015-124541;06.04.2015;10.04.2015;Standard Class;TT-21220
CA-2014-108707;24.10.2014;29.10.2014;Standard Class;DB-12910
CA-2014-111500;17.08.2014;21.08.2014;Standard Class;DJ-13510
US-2017-117723;15.08.2017;18.08.2017;Second Class;DL-13495
CA-2015-143238;06.09.2015;08.09.2015;First Class;LO-17170
CA-2015-168746;27.01.2015;29.01.2015;Second Class;SV-20365
CA-2015-113404;16.07.2015;16.07.2015;Same Day;EM-13810
CA-2016-144792;30.04.2016;04.05.2016;Standard Class;KD-16615
CA-2014-164385;26.09.2014;01.10.2014;Second Class;NB-18580
US-2016-114174;08.09.2016;14.09.2016;Standard Class;AP-10720
CA-2017-108070;16.04.2017;20.04.2017;Standard Class;JE-15745
US-2015-128090;16.08.2015;22.08.2015;Standard Class;JM-15865
CA-2017-101042;19.11.2017;23.11.2017;Standard Class;AB-10105
CA-2016-155439;14.09.2016;18.09.2016;Standard Class;PN-18775
CA-2016-118626;15.08.2016;20.08.2016;Standard Class;JC-15775
CA-2015-111458;26.09.2015;30.09.2015;Standard Class;PF-19165
US-2016-126844;08.10.2016;14.10.2016;Standard Class;BW-11110
US-2015-112508;24.03.2015;30.03.2015;Standard Class;BP-11185
CA-2015-147788;31.05.2015;04.06.2015;Standard Class;TM-21010
CA-2015-144288;25.12.2015;31.12.2015;Standard Class;MB-17305
CA-2015-110632;17.03.2015;22.03.2015;Second Class;HR-14830
CA-2017-109589;21.12.2017;24.12.2017;First Class;BD-11635
CA-2017-123967;01.11.2017;03.11.2017;Second Class;SF-20200
CA-2017-148929;07.09.2017;11.09.2017;Standard Class;SP-20620
CA-2017-134404;27.12.2017;27.12.2017;Same Day;DR-12880
CA-2017-109778;16.07.2017;21.07.2017;Standard Class;VM-21685
CA-2016-155845;12.08.2016;15.08.2016;Second Class;CM-12235
CA-2017-145128;09.07.2017;14.07.2017;Standard Class;SM-20320
CA-2014-129091;22.11.2014;27.11.2014;Standard Class;RA-19885
US-2014-155502;26.01.2014;31.01.2014;Standard Class;SD-20485
CA-2015-121041;03.11.2015;10.11.2015;Standard Class;CS-12250
CA-2017-131695;30.06.2017;06.07.2017;Standard Class;RA-19285
CA-2016-137729;05.05.2016;09.05.2016;Standard Class;BF-11005
US-2016-115455;08.09.2016;14.09.2016;Standard Class;SE-20110
CA-2017-128300;24.11.2017;26.11.2017;Second Class;RS-19765
CA-2017-149048;13.05.2017;17.05.2017;Standard Class;BM-11650
CA-2017-108553;23.04.2017;29.04.2017;Standard Class;SK-19990
CA-2016-165848;04.06.2016;04.06.2016;Same Day;EN-13780
CA-2014-112718;16.12.2014;21.12.2014;Standard Class;KN-16450
CA-2016-154053;04.03.2016;10.03.2016;Standard Class;MG-17890
CA-2014-127446;25.11.2014;30.11.2014;Standard Class;MC-17590
CA-2016-137204;28.04.2016;05.05.2016;Standard Class;BO-11350
CA-2014-147298;26.04.2014;03.05.2014;Standard Class;AG-10300
CA-2017-147942;01.04.2017;05.04.2017;Standard Class;MS-17365
CA-2017-115931;22.12.2017;26.12.2017;Standard Class;JM-15655
CA-2014-164861;03.12.2014;06.12.2014;Second Class;MC-17635
CA-2017-127180;22.10.2017;24.10.2017;First Class;TA-21385
US-2017-165344;13.11.2017;15.11.2017;First Class;SB-20290
CA-2015-168186;10.09.2015;15.09.2015;Standard Class;AB-10150
US-2017-110604;15.05.2017;20.05.2017;Standard Class;JF-15295
CA-2015-116750;05.07.2015;10.07.2015;Second Class;BF-10975
CA-2015-162369;15.08.2015;19.08.2015;Standard Class;TT-21265
CA-2017-108441;12.06.2017;18.06.2017;Standard Class;SB-20170
CA-2015-169740;20.02.2015;25.02.2015;Standard Class;LM-17065
CA-2016-124051;29.12.2016;30.12.2016;First Class;KA-16525
CA-2016-149111;17.04.2016;21.04.2016;Second Class;BF-11170
CA-2014-131002;07.09.2014;12.09.2014;Second Class;TB-21400
US-2016-146794;26.09.2016;01.10.2016;Standard Class;SH-19975
CA-2017-112515;17.09.2017;21.09.2017;Second Class;AS-10225
CA-2016-150343;16.08.2016;20.08.2016;Standard Class;PK-19075
CA-2015-135538;24.12.2015;28.12.2015;Standard Class;HR-14830
CA-2017-123372;28.11.2017;02.12.2017;Standard Class;DG-13300
CA-2017-159604;14.04.2017;15.04.2017;First Class;CL-12700
CA-2016-164784;01.05.2016;04.05.2016;First Class;HF-14995
CA-2016-111794;01.10.2016;01.10.2016;Same Day;HG-15025
US-2015-139759;25.08.2015;30.08.2015;Standard Class;NL-18310
CA-2014-126403;09.09.2014;12.09.2014;Second Class;RR-19525
CA-2017-136875;03.12.2017;03.12.2017;Same Day;TC-21295
CA-2017-132185;27.11.2017;02.12.2017;Standard Class;DB-13615
US-2014-160780;21.06.2014;21.06.2014;Same Day;SV-20785
CA-2017-127026;21.01.2017;27.01.2017;Standard Class;MH-18115
CA-2017-137085;29.06.2017;06.07.2017;Standard Class;CT-11995
CA-2016-133123;06.09.2016;11.09.2016;Standard Class;KB-16315
US-2016-128195;04.08.2016;05.08.2016;First Class;RA-19285
CA-2015-153220;12.11.2015;14.11.2015;First Class;YC-21895
CA-2014-123064;30.06.2014;02.07.2014;First Class;RA-19915
CA-2017-156412;04.12.2017;08.12.2017;Standard Class;CM-12160
US-2016-144211;28.08.2016;02.09.2016;Standard Class;CS-12130
CA-2016-138079;22.01.2016;28.01.2016;Standard Class;AJ-10795
CA-2014-143182;15.10.2014;20.10.2014;Standard Class;DL-12865
CA-2016-161662;07.02.2016;09.02.2016;First Class;BE-11410
CA-2014-145317;18.03.2014;23.03.2014;Standard Class;SM-20320
CA-2014-143413;24.05.2014;30.05.2014;Standard Class;RP-19390
CA-2017-156818;11.07.2017;13.07.2017;Second Class;JD-16015
CA-2017-155873;16.06.2017;21.06.2017;Standard Class;AB-10255
CA-2015-121797;30.01.2015;06.02.2015;Standard Class;CC-12145
US-2015-120572;11.12.2015;15.12.2015;Standard Class;GH-14425
CA-2017-132430;09.10.2017;11.10.2017;First Class;CP-12085
CA-2017-146031;29.07.2017;01.08.2017;Second Class;GM-14440
CA-2014-110100;25.04.2014;29.04.2014;Standard Class;LC-16885
CA-2015-103723;01.12.2015;06.12.2015;Standard Class;BT-11305
CA-2014-127187;04.12.2014;08.12.2014;Standard Class;CP-12085
CA-2017-128475;26.08.2017;01.09.2017;Standard Class;SC-20680
CA-2014-100006;07.09.2014;13.09.2014;Standard Class;DK-13375
CA-2017-144827;21.12.2017;27.12.2017;Standard Class;SE-20110
CA-2014-110030;06.12.2014;08.12.2014;Second Class;LF-17185
CA-2014-121286;04.11.2014;08.11.2014;Second Class;ON-18715
CA-2016-164735;14.04.2016;19.04.2016;Second Class;TB-21400
CA-2014-153479;04.10.2014;08.10.2014;Standard Class;DF-13135
CA-2017-149888;07.11.2017;13.11.2017;Standard Class;EP-13915
CA-2017-119193;22.12.2017;24.12.2017;First Class;SK-19990
CA-2017-104801;13.02.2017;19.02.2017;Standard Class;FH-14350
CA-2014-107594;02.07.2014;06.07.2014;Standard Class;EH-13945
CA-2015-129770;21.02.2015;23.02.2015;Second Class;JE-15715
CA-2015-115798;13.11.2015;19.11.2015;Standard Class;KL-16645
CA-2017-122707;16.04.2017;18.04.2017;First Class;EB-13750
CA-2016-165015;25.02.2016;27.02.2016;Second Class;BD-11725
CA-2014-149244;04.11.2014;08.11.2014;Standard Class;MS-17530
CA-2015-140144;20.06.2015;25.06.2015;Second Class;SC-20770
CA-2017-163321;07.08.2017;11.08.2017;Second Class;FM-14380
CA-2014-155887;12.05.2014;17.05.2014;Standard Class;KT-16480
US-2015-165449;22.11.2015;26.11.2015;Standard Class;AP-10720
CA-2015-110247;04.12.2015;08.12.2015;Standard Class;RH-19555
US-2014-141257;08.06.2014;14.06.2014;Standard Class;CS-11950
CA-2014-154669;08.08.2014;11.08.2014;Second Class;TM-21010
CA-2014-158029;26.05.2014;30.05.2014;Standard Class;HF-14995
CA-2015-155306;17.04.2015;21.04.2015;Standard Class;GA-14515
CA-2016-127775;11.06.2016;13.06.2016;Second Class;ES-14020
CA-2016-146171;11.03.2016;15.03.2016;Standard Class;JP-16135
CA-2014-129574;26.05.2014;29.05.2014;First Class;Dp-13240
CA-2017-126536;12.10.2017;14.10.2017;First Class;NK-18490
CA-2017-165757;22.06.2017;28.06.2017;Standard Class;PL-18925
CA-2017-167752;15.01.2017;18.01.2017;First Class;RW-19690
US-2015-122140;02.04.2015;07.04.2015;Standard Class;MO-17950
CA-2016-163986;03.09.2016;10.09.2016;Standard Class;JJ-15445
CA-2017-158967;10.12.2017;12.12.2017;First Class;BT-11680
CA-2016-131576;22.11.2016;26.11.2016;Standard Class;RD-19585
CA-2017-143455;11.11.2017;18.11.2017;Standard Class;ML-17755
CA-2016-144729;21.10.2016;25.10.2016;Standard Class;JE-15745
CA-2015-127019;21.12.2015;25.12.2015;Standard Class;ER-13855
CA-2015-138534;17.07.2015;19.07.2015;Second Class;JM-15535
CA-2017-108322;30.04.2017;05.05.2017;Standard Class;SS-20140
CA-2017-167668;06.05.2017;08.05.2017;First Class;TC-21295
CA-2017-146724;20.11.2017;27.11.2017;Standard Class;HG-15025
CA-2016-139878;11.11.2016;16.11.2016;Standard Class;LD-17005
US-2016-106677;05.11.2016;10.11.2016;Standard Class;AS-10285
CA-2016-116974;09.10.2016;15.10.2016;Standard Class;MP-17965
CA-2015-149972;21.09.2015;23.09.2015;First Class;CD-12790
US-2014-117744;02.12.2014;06.12.2014;Standard Class;MD-17860
CA-2014-125514;21.09.2014;22.09.2014;First Class;BM-11650
CA-2014-154599;12.04.2014;17.04.2014;Standard Class;KN-16450
CA-2017-158743;20.10.2017;27.10.2017;Standard Class;IG-15085
CA-2016-153318;25.10.2016;28.10.2016;First Class;JS-15595
US-2015-110163;01.11.2015;04.11.2015;First Class;GA-14725
CA-2017-143329;03.11.2017;08.11.2017;Standard Class;DL-13330
CA-2015-159380;12.05.2015;16.05.2015;Standard Class;CS-12505
CA-2015-122623;07.09.2015;11.09.2015;Standard Class;CC-12145
CA-2015-148635;25.07.2015;27.07.2015;Second Class;MH-18025
CA-2015-135685;16.11.2015;18.11.2015;Second Class;MP-18175
CA-2015-104626;01.09.2015;08.09.2015;Standard Class;DR-12940
CA-2016-160500;05.05.2016;08.05.2016;First Class;DM-13015
CA-2017-100202;31.12.2016;05.01.2017;Standard Class;BD-11620
CA-2017-131016;18.09.2017;20.09.2017;First Class;DC-12850
US-2014-112914;25.09.2014;30.09.2014;Standard Class;MT-18070
CA-2016-124149;23.04.2016;26.04.2016;First Class;MJ-17740
CA-2014-148915;01.11.2014;05.11.2014;Standard Class;ND-18370
CA-2017-134649;26.01.2017;31.01.2017;Second Class;CA-11965
CA-2017-110842;11.11.2017;16.11.2017;Standard Class;GA-14725
CA-2016-147368;09.06.2016;12.06.2016;First Class;TC-21295
US-2015-104185;03.09.2015;08.09.2015;Second Class;JB-15400
US-2014-125521;14.03.2014;19.03.2014;Standard Class;CK-12325
US-2017-135062;31.08.2017;04.09.2017;Second Class;RL-19615
CA-2017-135650;23.03.2017;27.03.2017;Standard Class;AC-10660
CA-2017-112865;18.05.2017;22.05.2017;Standard Class;BH-11710
US-2016-162852;27.12.2016;31.12.2016;Standard Class;BG-11695
CA-2017-138163;17.11.2017;20.11.2017;First Class;XP-21865
CA-2017-152093;10.09.2017;15.09.2017;Standard Class;SN-20560
CA-2017-157854;08.04.2017;15.04.2017;Standard Class;DM-13345
CA-2016-123617;28.11.2016;03.12.2016;Standard Class;AJ-10780
US-2016-128293;02.06.2016;05.06.2016;First Class;KC-16255
CA-2017-107342;17.12.2017;22.12.2017;Standard Class;VF-21715
CA-2016-136371;19.03.2016;21.03.2016;Second Class;SV-20935
CA-2017-137344;20.08.2017;20.08.2017;Same Day;EM-13810
CA-2017-169810;25.07.2017;31.07.2017;Standard Class;RB-19360
CA-2016-128594;26.08.2016;29.08.2016;First Class;DJ-13510
CA-2016-154690;15.08.2016;17.08.2016;Second Class;CC-12370
CA-2017-138975;19.05.2017;23.05.2017;Standard Class;SC-20380
CA-2017-106537;12.08.2017;17.08.2017;Standard Class;RH-19495
US-2017-103828;13.08.2017;13.08.2017;Same Day;JK-15370
CA-2016-115588;10.11.2016;12.11.2016;Second Class;AF-10885
CA-2017-143861;12.06.2017;19.06.2017;Standard Class;LC-16885
CA-2014-148040;22.03.2014;26.03.2014;Standard Class;BF-11275
CA-2017-135167;15.06.2017;20.06.2017;Standard Class;SC-20800
CA-2017-137022;16.11.2017;22.11.2017;Standard Class;SW-20275
US-2017-102638;29.12.2017;31.12.2017;First Class;MC-17845
US-2016-167339;21.01.2016;23.01.2016;Second Class;TD-20995
CA-2016-152072;15.01.2016;19.01.2016;Standard Class;Dp-13240
CA-2016-102932;19.09.2016;23.09.2016;Second Class;SD-20485
CA-2014-165540;21.02.2014;25.02.2014;Standard Class;TM-21010
CA-2016-130799;11.11.2016;16.11.2016;Second Class;BK-11260
CA-2016-164483;30.01.2016;03.02.2016;Standard Class;JF-15490
US-2016-159856;18.10.2016;22.10.2016;Standard Class;EP-13915
CA-2017-102099;18.12.2017;19.12.2017;First Class;EP-13915
CA-2017-164049;02.11.2017;06.11.2017;Standard Class;KH-16630
CA-2014-142727;29.04.2014;01.05.2014;Second Class;HG-14845
CA-2017-139913;23.10.2017;29.10.2017;Standard Class;JC-16105
CA-2014-169033;30.03.2014;03.04.2014;Standard Class;KM-16720
US-2016-164630;04.01.2016;09.01.2016;Standard Class;EB-13975
US-2015-114839;26.04.2015;30.04.2015;Standard Class;PW-19240
CA-2015-166464;12.09.2015;17.09.2015;Standard Class;PG-18895
CA-2017-124898;11.09.2017;15.09.2017;Standard Class;DB-12910
CA-2016-164035;12.06.2016;17.06.2016;Standard Class;CR-12730
CA-2016-153577;27.06.2016;01.07.2016;Standard Class;KH-16330
CA-2014-127586;26.09.2014;30.09.2014;Standard Class;CS-12400
CA-2017-121615;03.11.2017;09.11.2017;Standard Class;DL-12925
CA-2017-166415;19.02.2017;23.02.2017;Standard Class;ME-17725
CA-2015-118444;05.11.2015;09.11.2015;Standard Class;VD-21670
CA-2014-113929;16.06.2014;21.06.2014;Standard Class;CK-12205
CA-2015-134747;12.10.2015;17.10.2015;Second Class;DL-12925
CA-2017-155047;27.08.2017;30.08.2017;First Class;SE-20110
CA-2016-160129;23.11.2016;23.11.2016;Same Day;LS-17200
CA-2017-164329;30.01.2017;30.01.2017;Same Day;MM-17920
US-2015-141453;30.11.2015;03.12.2015;Second Class;DB-13270
CA-2014-156993;28.06.2014;04.07.2014;Standard Class;RW-19630
CA-2014-157721;02.09.2014;05.09.2014;First Class;JM-16195
CA-2017-128629;10.07.2017;14.07.2017;Second Class;BP-11155
CA-2017-158106;04.06.2017;10.06.2017;Standard Class;CT-11995
US-2017-120390;19.10.2017;26.10.2017;Standard Class;TH-21550
CA-2017-143434;18.11.2017;24.11.2017;Standard Class;ME-17320
CA-2015-168564;08.08.2015;08.08.2015;Same Day;TT-21220
US-2016-169040;06.12.2016;12.12.2016;Standard Class;GT-14710
CA-2017-155880;25.03.2017;31.03.2017;Standard Class;JD-16150
CA-2017-126242;19.11.2017;24.11.2017;Standard Class;MC-18100
CA-2016-166443;04.11.2016;05.11.2016;First Class;LH-17020
CA-2017-169859;14.12.2017;18.12.2017;Standard Class;MP-18175
CA-2017-134915;12.11.2017;12.11.2017;Same Day;EM-14140
CA-2016-153353;18.08.2016;24.08.2016;Standard Class;GG-14650
CA-2017-123638;27.06.2017;04.07.2017;Standard Class;MA-17995
CA-2017-168900;04.05.2017;09.05.2017;Standard Class;SH-20395
CA-2015-158456;24.12.2015;29.12.2015;Standard Class;KT-16465
CA-2017-143665;26.04.2017;01.05.2017;Standard Class;PO-19180
CA-2017-137428;16.12.2017;21.12.2017;Second Class;AY-10555
CA-2014-162866;27.12.2014;31.12.2014;Standard Class;Co-12640
CA-2017-167941;06.11.2017;09.11.2017;Second Class;JF-15565
CA-2017-111808;16.12.2017;20.12.2017;Standard Class;AR-10510
CA-2015-137512;07.05.2015;12.05.2015;Standard Class;AG-10675
CA-2017-139773;04.12.2017;04.12.2017;Same Day;DV-13045
CA-2017-134607;03.10.2017;08.10.2017;Second Class;HL-15040
CA-2014-109232;13.01.2014;16.01.2014;Second Class;ND-18370
CA-2015-139850;12.06.2015;17.06.2015;Standard Class;GB-14575
CA-2014-131310;12.07.2014;18.07.2014;Standard Class;CL-12565
US-2014-112872;06.12.2014;11.12.2014;Second Class;RC-19960
CA-2016-139269;25.05.2016;30.05.2016;Standard Class;JB-16045
CA-2016-139010;21.02.2016;26.02.2016;Second Class;MC-17635
CA-2016-134376;02.10.2016;06.10.2016;Standard Class;TT-21265
CA-2017-147291;11.03.2017;17.03.2017;Standard Class;MJ-17740
CA-2016-112893;09.09.2016;13.09.2016;Second Class;AT-10735
US-2014-150532;14.07.2014;21.07.2014;Standard Class;PB-19150
CA-2014-138317;21.06.2014;25.06.2014;Standard Class;NW-18400
CA-2015-130610;05.07.2015;10.07.2015;Standard Class;VP-21730
CA-2017-104381;16.12.2017;23.12.2017;Standard Class;RD-19810
CA-2016-131499;08.09.2016;10.09.2016;First Class;MG-17875
CA-2014-148761;17.05.2014;21.05.2014;Standard Class;PA-19060
CA-2017-116519;13.10.2017;15.10.2017;First Class;CR-12730
CA-2014-130729;24.10.2014;29.10.2014;Standard Class;AA-10375
CA-2016-124772;05.12.2016;06.12.2016;First Class;JG-15160
CA-2016-115525;25.07.2016;29.07.2016;Standard Class;RR-19525
CA-2017-134845;17.04.2017;23.04.2017;Standard Class;SR-20425
US-2015-138919;17.09.2015;21.09.2015;Standard Class;LS-16975
US-2016-160528;23.08.2016;30.08.2016;Standard Class;MH-18115
CA-2015-123568;08.11.2015;14.11.2015;Standard Class;SC-20095
CA-2017-124674;17.11.2017;23.11.2017;Standard Class;JB-16000
CA-2015-164441;08.11.2015;13.11.2015;Standard Class;AC-10450
CA-2017-169054;22.04.2017;26.04.2017;Standard Class;MO-17800
CA-2014-106719;24.08.2014;24.08.2014;Same Day;RB-19645
CA-2017-116855;17.12.2017;21.12.2017;Standard Class;AI-10855
US-2016-164189;24.03.2016;28.03.2016;Standard Class;DR-12880
CA-2015-168480;21.09.2015;27.09.2015;Standard Class;DM-12955
US-2016-114293;21.11.2016;26.11.2016;Standard Class;JH-16180
CA-2017-134173;16.09.2017;21.09.2017;Standard Class;AB-10060
US-2015-123960;11.06.2015;16.06.2015;Standard Class;BD-11605
CA-2017-101749;03.10.2017;08.10.2017;Standard Class;AS-10045
US-2016-147991;05.05.2016;09.05.2016;Standard Class;ZD-21925
CA-2017-149559;11.09.2017;12.09.2017;Same Day;KF-16285
CA-2015-135174;30.04.2015;02.05.2015;Second Class;BP-11230
CA-2017-125290;06.11.2017;10.11.2017;Second Class;CC-12430
CA-2014-137351;30.09.2014;04.10.2014;Standard Class;DB-13615
CA-2017-121419;02.04.2017;04.04.2017;First Class;TC-21475
US-2017-148054;06.10.2017;11.10.2017;Standard Class;NZ-18565
CA-2016-128517;09.04.2016;14.04.2016;Second Class;SW-20350
US-2015-100377;28.08.2015;01.09.2015;Standard Class;TS-21370
CA-2017-131492;19.10.2017;24.10.2017;Second Class;HH-15010
CA-2016-144554;07.11.2016;12.11.2016;Standard Class;DM-13345
CA-2017-127621;03.03.2017;07.03.2017;Standard Class;RE-19450
CA-2015-145184;27.11.2015;29.11.2015;First Class;JD-16150
CA-2017-106859;13.03.2017;18.03.2017;Second Class;BF-11215
US-2017-120089;30.11.2017;30.11.2017;Same Day;ML-17755
CA-2014-119375;17.11.2014;22.11.2014;Standard Class;YC-21895
CA-2016-125206;03.01.2016;05.01.2016;First Class;LR-16915
CA-2015-126137;03.10.2015;08.10.2015;Standard Class;BS-11755
CA-2014-143903;20.07.2014;24.07.2014;Standard Class;KM-16375
CA-2014-104780;21.05.2014;25.05.2014;Standard Class;BT-11530
CA-2017-101182;04.09.2017;05.09.2017;First Class;KB-16405
US-2017-132297;27.05.2017;02.06.2017;Standard Class;DW-13480
CA-2014-100328;28.01.2014;03.02.2014;Standard Class;JC-15340
CA-2017-118773;09.02.2017;14.02.2017;Standard Class;TP-21415
US-2017-159205;31.03.2017;02.04.2017;Second Class;DB-12910
CA-2016-112123;03.03.2016;08.03.2016;Standard Class;BH-11710
CA-2015-114468;23.08.2015;23.08.2015;Same Day;TD-20995
CA-2017-135692;27.04.2017;01.05.2017;Standard Class;CV-12805
CA-2017-131233;14.04.2017;19.04.2017;Standard Class;CS-12355
CA-2017-119578;22.12.2017;27.12.2017;Second Class;JG-15310
CA-2016-124562;08.12.2016;12.12.2016;Standard Class;JP-16135
US-2017-140074;23.03.2017;29.03.2017;Standard Class;EC-14050
CA-2016-103037;25.07.2016;29.07.2016;Standard Class;KH-16630
CA-2017-127460;10.07.2017;14.07.2017;Standard Class;FG-14260
CA-2016-121671;17.07.2016;22.07.2016;Standard Class;AA-10480
CA-2016-150350;23.08.2016;30.08.2016;Standard Class;MS-17770
CA-2015-121720;11.06.2015;12.06.2015;First Class;JE-15610
CA-2017-149895;08.09.2017;12.09.2017;Standard Class;EB-14110
CA-2017-147564;02.10.2017;06.10.2017;Standard Class;BP-11155
CA-2014-136399;16.12.2014;17.12.2014;First Class;CC-12100
CA-2014-107916;24.08.2014;26.08.2014;First Class;JP-15460
CA-2017-164168;12.11.2017;18.11.2017;Standard Class;LS-16975
CA-2015-112557;25.04.2015;28.04.2015;First Class;JL-15850
US-2014-122959;12.12.2014;12.12.2014;Same Day;CY-12745
CA-2017-162572;25.09.2017;27.09.2017;Second Class;RB-19360
US-2016-148110;05.09.2016;11.09.2016;Standard Class;AR-10825
CA-2017-131828;11.02.2017;13.02.2017;Second Class;CS-11845
CA-2014-109218;30.06.2014;03.07.2014;Second Class;AR-10825
CA-2016-120558;07.06.2016;10.06.2016;First Class;RD-19810
US-2014-109036;20.12.2014;25.12.2014;Standard Class;KH-16510
CA-2015-147830;15.12.2015;18.12.2015;First Class;NF-18385
CA-2017-150497;20.07.2017;24.07.2017;Standard Class;SM-20950
CA-2014-128986;03.08.2014;05.08.2014;Second Class;GH-14410
CA-2015-139584;24.08.2015;28.08.2015;Standard Class;EM-13810
US-2016-162677;26.03.2016;27.03.2016;First Class;DB-13210
US-2014-150924;12.09.2014;16.09.2014;Second Class;PT-19090
CA-2014-153969;21.09.2014;25.09.2014;Standard Class;HF-14995
CA-2016-146682;29.10.2016;31.10.2016;First Class;KW-16435
CA-2016-138695;28.05.2016;03.06.2016;Standard Class;KC-16675
CA-2017-107461;21.12.2017;26.12.2017;Second Class;PK-19075
US-2016-133879;21.03.2016;28.03.2016;Standard Class;KT-16465
CA-2017-157483;11.11.2017;18.11.2017;Standard Class;EP-13915
US-2017-132059;23.09.2017;29.09.2017;Standard Class;AP-10915
CA-2017-122280;10.09.2017;10.09.2017;Same Day;SH-20395
CA-2017-105235;05.12.2017;11.12.2017;Standard Class;SM-20950
CA-2017-152912;09.11.2017;12.11.2017;Second Class;BM-11650
CA-2014-123498;07.11.2014;09.11.2014;First Class;TC-20980
CA-2017-159352;12.03.2017;17.03.2017;Standard Class;KB-16585
US-2017-146416;20.10.2017;22.10.2017;Second Class;JE-16165
US-2015-163783;27.12.2015;01.01.2016;Standard Class;DR-12940
CA-2017-123981;02.10.2017;08.10.2017;Standard Class;RW-19630
CA-2017-158953;04.06.2017;08.06.2017;Standard Class;ML-18040
CA-2014-165428;01.09.2014;04.09.2014;First Class;JL-15130
CA-2016-169026;08.08.2016;13.08.2016;Standard Class;CM-12655
CA-2017-109750;22.07.2017;28.07.2017;Standard Class;FH-14365
CA-2015-149384;10.07.2015;10.07.2015;Same Day;EH-13945
CA-2014-131527;01.12.2014;07.12.2014;Standard Class;TB-21280
CA-2017-164000;18.12.2017;22.12.2017;Standard Class;AH-10030
CA-2014-164224;18.05.2014;20.05.2014;Second Class;TT-21070
CA-2014-158372;10.11.2014;16.11.2014;Standard Class;RD-19900
CA-2016-108882;09.01.2016;15.01.2016;Standard Class;LA-16780
US-2017-108245;22.09.2017;27.09.2017;Standard Class;SH-19975
CA-2014-142314;23.12.2014;28.12.2014;Standard Class;SF-20200
CA-2016-132409;26.05.2016;01.06.2016;Standard Class;TH-21235
CA-2017-150189;08.07.2017;10.07.2017;First Class;VG-21790
CA-2014-114433;13.05.2014;17.05.2014;Standard Class;NP-18325
CA-2017-104640;10.11.2017;16.11.2017;Standard Class;FH-14275
US-2015-137008;02.10.2015;08.10.2015;Standard Class;JP-15460
CA-2014-108189;02.10.2014;05.10.2014;First Class;ES-14080
CA-2014-154641;11.08.2014;16.08.2014;Standard Class;KL-16645
CA-2017-131625;01.09.2017;05.09.2017;Second Class;BN-11515
US-2017-156356;16.04.2017;22.04.2017;Standard Class;ND-18370
CA-2016-138933;24.04.2016;27.04.2016;First Class;JL-15130
CA-2016-140746;15.01.2016;15.01.2016;Same Day;RC-19825
CA-2016-146836;02.05.2016;02.05.2016;Same Day;CC-12475
US-2016-127971;20.11.2016;27.11.2016;Standard Class;DW-13195
US-2016-140809;01.02.2016;03.02.2016;First Class;CK-12760
CA-2017-114524;31.03.2017;05.04.2017;Second Class;EG-13900
CA-2017-113355;01.12.2017;05.12.2017;Standard Class;SJ-20215
US-2017-140907;10.12.2017;12.12.2017;Second Class;BP-11185
CA-2016-159730;17.09.2016;21.09.2016;Standard Class;SJ-20125
CA-2016-157868;23.12.2016;29.12.2016;Standard Class;MC-17590
CA-2017-119389;17.04.2017;19.04.2017;First Class;BG-11740
CA-2017-110373;27.10.2017;30.10.2017;Second Class;MA-17560
CA-2016-155474;08.07.2016;14.07.2016;Standard Class;CC-12220
CA-2015-155453;09.08.2015;14.08.2015;Standard Class;RA-19885
US-2016-161844;09.12.2016;14.12.2016;Second Class;DK-12835
US-2016-162103;13.11.2016;17.11.2016;Standard Class;LB-16795
CA-2014-151554;14.11.2014;15.11.2014;First Class;CM-11815
CA-2014-140662;17.11.2014;19.11.2014;First Class;TS-21205
CA-2016-122518;04.03.2016;08.03.2016;Second Class;RF-19345
US-2014-126571;11.10.2014;15.10.2014;Standard Class;JF-15565
CA-2014-143840;22.05.2014;29.05.2014;Standard Class;EH-14185
CA-2014-115980;15.07.2014;19.07.2014;Standard Class;VW-21775
CA-2015-155145;27.12.2015;29.12.2015;Second Class;KN-16450
CA-2015-146038;09.02.2015;16.02.2015;Standard Class;SJ-20215
CA-2017-133865;08.05.2017;12.05.2017;Standard Class;PS-19045
CA-2017-116358;02.11.2017;06.11.2017;Standard Class;KM-16225
CA-2014-102988;05.04.2014;09.04.2014;Second Class;GM-14695
US-2014-117170;17.09.2014;24.09.2014;Standard Class;KT-16465
CA-2014-159478;30.09.2014;06.10.2014;Standard Class;MH-17785
CA-2014-103702;12.09.2014;17.09.2014;Standard Class;AF-10885
CA-2017-150525;20.02.2017;25.02.2017;Standard Class;JP-16135
CA-2015-157770;13.12.2015;15.12.2015;First Class;RD-19585
CA-2016-167290;30.10.2016;04.11.2016;Standard Class;JF-15295
CA-2014-106264;26.12.2014;30.12.2014;Standard Class;CK-12595
CA-2014-138023;15.08.2014;18.08.2014;First Class;KH-16510
CA-2017-113418;01.10.2017;03.10.2017;First Class;CM-12655
US-2015-110569;23.05.2015;30.05.2015;Standard Class;EB-13870
CA-2017-136308;16.11.2017;16.11.2017;Same Day;MW-18235
US-2014-159926;18.11.2014;22.11.2014;Standard Class;CS-11950
CA-2014-104738;30.12.2014;01.01.2015;Second Class;SP-20620
CA-2015-144386;05.11.2015;11.11.2015;Standard Class;GT-14635
CA-2016-111416;17.09.2016;22.09.2016;Standard Class;LW-17215
CA-2016-162747;20.03.2016;25.03.2016;Second Class;AH-10030
US-2014-133130;27.09.2014;01.10.2014;Standard Class;TH-21100
CA-2017-169978;24.12.2017;28.12.2017;Standard Class;HG-15025
CA-2017-161739;10.11.2017;15.11.2017;Second Class;EB-13750
CA-2015-165057;11.09.2015;15.09.2015;Standard Class;SC-20725
CA-2014-134551;20.12.2014;25.12.2014;Standard Class;TS-21505
CA-2015-120810;23.07.2015;27.07.2015;Standard Class;TH-21550
CA-2014-165309;11.11.2014;15.11.2014;Standard Class;KD-16270
CA-2017-122595;14.12.2017;20.12.2017;Standard Class;GM-14455
US-2017-109253;21.08.2017;22.08.2017;First Class;PR-18880
CA-2016-145982;27.08.2016;01.09.2016;Second Class;TB-21055
CA-2015-112014;13.08.2015;20.08.2015;Standard Class;ON-18715
CA-2017-154732;05.11.2017;07.11.2017;First Class;AH-10195
US-2016-157308;17.08.2016;21.08.2016;Standard Class;NM-18520
CA-2016-147536;26.12.2016;31.12.2016;Standard Class;AR-10510
US-2014-134733;23.09.2014;28.09.2014;Standard Class;BM-11650
US-2014-150434;19.07.2014;24.07.2014;Standard Class;CA-12310
CA-2017-100335;07.09.2017;13.09.2017;Standard Class;NF-18595
CA-2016-139234;06.05.2016;10.05.2016;Standard Class;AF-10870
US-2015-142020;04.06.2015;08.06.2015;Second Class;TC-21535
CA-2015-139962;13.12.2015;20.12.2015;Standard Class;Dp-13240
CA-2016-130050;16.07.2016;18.07.2016;Second Class;MC-17425
CA-2014-115161;31.01.2014;02.02.2014;First Class;LC-17050
CA-2014-165379;09.07.2014;15.07.2014;Standard Class;BM-11650
CA-2015-115511;21.11.2015;25.11.2015;Standard Class;NW-18400
CA-2016-134887;25.03.2016;25.03.2016;Same Day;TB-21280
CA-2017-123778;23.09.2017;30.09.2017;Standard Class;BS-11755
CA-2015-161718;04.12.2015;10.12.2015;Standard Class;SO-20335
CA-2016-100671;01.11.2016;04.11.2016;First Class;CS-12490
CA-2017-142867;17.03.2017;21.03.2017;Standard Class;PO-19180
CA-2017-103156;23.11.2017;24.11.2017;First Class;TD-20995
US-2017-162208;27.08.2017;30.08.2017;First Class;SP-20620
CA-2015-130659;04.12.2015;09.12.2015;Second Class;MS-17365
CA-2017-148404;07.10.2017;11.10.2017;Standard Class;Dp-13240
CA-2017-101077;25.03.2017;30.03.2017;Second Class;DB-13660
CA-2014-166471;09.08.2014;13.08.2014;Standard Class;MG-17650
CA-2014-105340;22.11.2014;25.11.2014;First Class;EH-14185
US-2017-131583;10.06.2017;10.06.2017;Same Day;CL-11890
US-2017-148362;01.07.2017;08.07.2017;Standard Class;KF-16285
CA-2014-102274;21.11.2014;26.11.2014;Standard Class;DH-13075
CA-2015-129700;04.05.2015;05.05.2015;First Class;LA-16780
CA-2017-168739;29.05.2017;05.06.2017;Standard Class;HZ-14950
CA-2015-152527;17.10.2015;17.10.2015;Same Day;CM-12190
US-2014-150119;23.04.2014;27.04.2014;Standard Class;LB-16795
US-2017-150847;30.04.2017;06.05.2017;Standard Class;JF-15490
CA-2016-100244;20.09.2016;24.09.2016;Standard Class;GM-14695
CA-2016-116540;02.09.2016;02.09.2016;Same Day;SS-20590
CA-2015-151841;27.04.2015;02.05.2015;Standard Class;TC-21475
CA-2015-150791;06.09.2015;13.09.2015;Standard Class;CC-12430
CA-2016-134803;28.05.2016;03.06.2016;Standard Class;CL-12565
CA-2015-153381;24.09.2015;28.09.2015;Standard Class;DE-13255
US-2017-111024;03.07.2017;06.07.2017;Second Class;SZ-20035
CA-2017-148264;08.12.2017;09.12.2017;First Class;LF-17185
CA-2017-131212;05.12.2017;09.12.2017;Standard Class;AB-10165
US-2015-100531;27.09.2015;29.09.2015;First Class;NM-18520
CA-2017-152583;30.10.2017;30.10.2017;Same Day;RA-19945
CA-2015-144099;29.11.2015;30.11.2015;Same Day;PO-19195
CA-2014-158337;11.03.2014;14.03.2014;Second Class;KA-16525
CA-2017-168858;19.11.2017;23.11.2017;Standard Class;JD-16150
CA-2016-116344;29.07.2016;02.08.2016;Standard Class;JO-15145
CA-2015-131779;12.06.2015;17.06.2015;Standard Class;LE-16810
CA-2016-158869;06.08.2016;07.08.2016;First Class;AH-10690
CA-2017-102554;11.06.2017;15.06.2017;Standard Class;KN-16705
CA-2016-162614;07.10.2016;13.10.2016;Standard Class;TB-21250
CA-2014-168592;08.09.2014;14.09.2014;Standard Class;DP-13390
CA-2014-157609;16.03.2014;21.03.2014;Second Class;KN-16705
CA-2015-153325;01.03.2015;02.03.2015;Second Class;ST-20530
CA-2015-153626;09.07.2015;14.07.2015;Standard Class;EB-13870
CA-2016-166485;20.02.2016;27.02.2016;Standard Class;AH-10210
CA-2017-136448;16.09.2017;18.09.2017;First Class;AS-10090
CA-2017-114258;05.11.2017;10.11.2017;Second Class;EM-13825
CA-2015-152611;20.02.2015;23.02.2015;Second Class;KA-16525
CA-2016-165470;25.11.2016;30.11.2016;Standard Class;HJ-14875
CA-2017-128699;03.12.2017;05.12.2017;Second Class;ND-18370
US-2015-147242;10.09.2015;14.09.2015;Standard Class;EH-13765
CA-2016-146143;14.12.2016;19.12.2016;Standard Class;MC-17845
CA-2015-100888;06.04.2015;10.04.2015;Standard Class;MH-17455
US-2016-150035;01.12.2016;05.12.2016;Standard Class;CL-11890
CA-2017-122644;12.11.2017;17.11.2017;Standard Class;SF-20965
CA-2017-111815;03.03.2017;10.03.2017;Standard Class;EP-13915
CA-2016-144911;27.11.2016;30.11.2016;First Class;RW-19630
CA-2014-143385;31.08.2014;05.09.2014;Standard Class;SJ-20500
CA-2016-131289;08.12.2016;14.12.2016;Standard Class;SP-20620
CA-2014-124023;07.04.2014;10.04.2014;First Class;PJ-19015
CA-2014-124688;27.08.2014;29.08.2014;First Class;CC-12610
CA-2016-151169;21.10.2016;26.10.2016;Standard Class;MY-18295
US-2016-134761;30.11.2016;30.11.2016;Same Day;DB-13210
CA-2017-120705;05.09.2017;11.09.2017;Standard Class;MG-17875
CA-2015-157322;02.07.2015;06.07.2015;Standard Class;RH-19600
CA-2017-142034;24.09.2017;28.09.2017;Standard Class;KB-16240
CA-2016-107328;08.08.2016;15.08.2016;Standard Class;CA-12055
CA-2016-108616;29.09.2016;03.10.2016;Standard Class;JK-15730
CA-2017-125115;10.04.2017;10.04.2017;Same Day;RD-19930
CA-2016-150945;18.12.2016;20.12.2016;Second Class;JK-16120
CA-2014-166863;20.06.2014;24.06.2014;Standard Class;SC-20020
CA-2017-140326;04.09.2017;06.09.2017;First Class;HW-14935
CA-2016-168536;20.12.2016;24.12.2016;Standard Class;SC-20800
US-2016-113649;09.08.2016;12.08.2016;First Class;HA-14920
CA-2015-124975;22.06.2015;25.06.2015;First Class;MG-17875
CA-2015-168767;10.04.2015;15.04.2015;Standard Class;DM-12955
CA-2016-114482;21.11.2016;25.11.2016;Second Class;DM-13345
CA-2016-137673;05.09.2016;10.09.2016;Standard Class;ML-17395
CA-2016-132731;24.11.2016;28.11.2016;Standard Class;GA-14515
CA-2017-148922;10.12.2017;15.12.2017;Second Class;SU-20665
CA-2016-130680;24.06.2016;29.06.2016;Standard Class;BD-11320
CA-2015-141145;17.09.2015;23.09.2015;Standard Class;DB-13405
US-2016-152835;19.05.2016;23.05.2016;Standard Class;RP-19855
CA-2016-155565;28.05.2016;28.05.2016;Same Day;EH-13765
CA-2014-110849;18.04.2014;23.04.2014;Standard Class;JL-15835
CA-2016-145842;17.06.2016;20.06.2016;Second Class;FM-14380
CA-2014-158771;09.05.2014;09.05.2014;Same Day;SB-20290
CA-2016-157511;18.09.2016;20.09.2016;First Class;SV-20365
CA-2017-121216;23.12.2017;25.12.2017;Second Class;MM-17920
CA-2017-155292;30.10.2017;01.11.2017;First Class;RD-19810
CA-2016-152555;29.03.2016;02.04.2016;Second Class;ME-17320
CA-2017-107832;23.11.2017;26.11.2017;Second Class;FH-14275
CA-2014-120838;23.03.2014;26.03.2014;Second Class;PO-18865
CA-2017-118542;01.12.2017;05.12.2017;Standard Class;CC-12550
CA-2017-152737;07.11.2017;12.11.2017;Standard Class;TS-21505
CA-2017-109757;04.09.2017;09.09.2017;Second Class;MD-17350
CA-2016-130029;03.07.2016;06.07.2016;First Class;GT-14755
CA-2017-103877;07.09.2017;14.09.2017;Standard Class;RD-19660
CA-2016-137176;09.09.2016;14.09.2016;Second Class;DB-12910
CA-2017-168109;03.07.2017;03.07.2017;Same Day;JK-15640
US-2017-126081;29.06.2017;04.07.2017;Standard Class;FC-14335
CA-2017-117023;07.08.2017;12.08.2017;Standard Class;JW-15955
CA-2015-143532;19.03.2015;24.03.2015;Standard Class;DC-12850
CA-2016-103163;07.06.2016;11.06.2016;Standard Class;FM-14290
CA-2016-104157;25.07.2016;29.07.2016;Standard Class;MT-17815
CA-2017-117807;01.10.2017;07.10.2017;Standard Class;DK-13090
CA-2015-121650;10.12.2015;16.12.2015;Standard Class;KD-16495
CA-2017-161823;03.09.2017;08.09.2017;Standard Class;AG-10300
CA-2017-121839;24.09.2017;28.09.2017;Standard Class;MH-18115
CA-2017-158729;19.12.2017;21.12.2017;First Class;AC-10450
CA-2017-146535;24.11.2017;30.11.2017;Standard Class;FM-14290
CA-2014-154186;13.12.2014;15.12.2014;Second Class;RA-19285
CA-2016-108434;05.12.2016;07.12.2016;Second Class;JG-15160
CA-2016-164154;11.09.2016;17.09.2016;Standard Class;NZ-18565
CA-2017-148012;09.12.2017;15.12.2017;Standard Class;KM-16225
CA-2014-102869;09.09.2014;14.09.2014;Second Class;LC-17140
CA-2017-138310;26.06.2017;30.06.2017;Standard Class;NP-18700
CA-2014-159835;17.11.2014;24.11.2014;Standard Class;RB-19330
CA-2017-112956;21.08.2017;27.08.2017;Standard Class;TH-21550
CA-2016-119683;12.03.2016;16.03.2016;Second Class;CK-12595
CA-2014-163559;23.09.2014;28.09.2014;Second Class;ST-20530
CA-2014-140228;28.04.2014;03.05.2014;Standard Class;GB-14530
US-2016-131674;29.11.2016;01.12.2016;Second Class;NC-18535
CA-2015-110093;03.12.2015;08.12.2015;Standard Class;AB-10255
CA-2017-112529;19.11.2017;21.11.2017;First Class;SC-20770
CA-2016-154536;05.09.2016;09.09.2016;Standard Class;JC-15340
CA-2017-141929;04.09.2017;08.09.2017;Standard Class;RA-19285
CA-2016-109743;22.09.2016;29.09.2016;Standard Class;SH-19975
CA-2014-159184;14.09.2014;19.09.2014;Standard Class;JC-15775
CA-2017-113530;19.05.2017;21.05.2017;Second Class;BC-11125
CA-2014-169726;09.08.2014;13.08.2014;Standard Class;JH-15985
CA-2017-155957;26.11.2017;30.11.2017;Standard Class;CC-12610
CA-2017-132178;03.05.2017;08.05.2017;Second Class;DB-12970
CA-2016-145177;10.11.2016;14.11.2016;Standard Class;PP-18955
CA-2014-156594;20.12.2014;23.12.2014;Second Class;MC-17845
CA-2014-146528;25.07.2014;27.07.2014;Second Class;VF-21715
CA-2015-168459;22.11.2015;27.11.2015;Standard Class;MC-17275
CA-2017-109960;09.12.2017;11.12.2017;Second Class;DB-13210
CA-2017-133004;31.08.2017;05.09.2017;Standard Class;AJ-10945
CA-2017-168102;24.04.2017;30.04.2017;Standard Class;CP-12340
CA-2017-158036;08.09.2017;14.09.2017;Standard Class;DB-13555
CA-2015-128083;12.03.2015;17.03.2015;Standard Class;EB-13750
CA-2016-161676;18.07.2016;23.07.2016;Standard Class;JP-15460
CA-2016-155005;13.06.2016;15.06.2016;Second Class;SC-20050
US-2017-129777;03.07.2017;09.07.2017;Standard Class;FM-14290
CA-2014-129364;08.12.2014;13.12.2014;Standard Class;TB-21250
CA-2016-104969;08.04.2016;14.04.2016;Standard Class;EH-14125
CA-2017-154109;06.11.2017;11.11.2017;Standard Class;ML-17410
CA-2015-156440;05.12.2015;09.12.2015;Standard Class;MH-17620
CA-2015-132626;09.07.2015;14.07.2015;Standard Class;BT-11680
CA-2016-102792;13.12.2016;19.12.2016;Standard Class;JC-15340
CA-2016-108567;20.05.2016;24.05.2016;Standard Class;DB-13210
CA-2017-140760;02.06.2017;05.06.2017;Second Class;DO-13435
US-2015-131359;30.10.2015;02.11.2015;Second Class;FA-14230
CA-2016-142097;15.10.2016;20.10.2016;Standard Class;QJ-19255
CA-2015-151680;19.11.2015;21.11.2015;Second Class;TC-21475
CA-2014-140039;13.09.2014;17.09.2014;Standard Class;ON-18715
CA-2017-160416;13.11.2017;18.11.2017;Second Class;AD-10180
CA-2017-169411;24.12.2017;29.12.2017;Standard Class;AC-10615
CA-2016-126543;09.01.2016;13.01.2016;Second Class;MF-17665
CA-2015-104941;13.06.2015;19.06.2015;Standard Class;DH-13075
CA-2017-160087;18.03.2017;22.03.2017;Standard Class;EN-13780
CA-2014-120544;23.11.2014;27.11.2014;Standard Class;SS-20140
CA-2017-113670;15.10.2017;17.10.2017;First Class;RS-19765
CA-2017-166198;21.04.2017;24.04.2017;First Class;JW-15955
CA-2014-135608;08.12.2014;10.12.2014;Second Class;JK-15625
CA-2017-144568;29.05.2017;02.06.2017;Standard Class;JO-15550
CA-2016-142370;19.09.2016;23.09.2016;Standard Class;TP-21130
CA-2016-105900;17.09.2016;23.09.2016;Standard Class;BS-11590
CA-2016-151155;20.12.2016;24.12.2016;Standard Class;AB-10255
CA-2017-144036;22.11.2017;26.11.2017;Standard Class;FO-14305
US-2014-169789;30.12.2014;04.01.2015;Standard Class;MF-17665
CA-2017-127264;03.04.2017;05.04.2017;First Class;SA-20830
CA-2016-151512;26.12.2016;02.01.2017;Standard Class;SH-19975
CA-2016-165169;05.06.2016;11.06.2016;Standard Class;JL-15235
CA-2015-109575;18.09.2015;23.09.2015;Standard Class;KH-16630
CA-2017-168193;06.03.2017;11.03.2017;Second Class;RM-19750
CA-2016-115476;17.03.2016;17.03.2016;Same Day;VM-21835
CA-2016-133340;09.12.2016;13.12.2016;Standard Class;LH-17155
CA-2016-137848;15.01.2016;21.01.2016;Standard Class;WB-21850
CA-2014-113047;24.10.2014;24.10.2014;Same Day;AP-10915
CA-2016-149979;23.09.2016;28.09.2016;Second Class;RA-19915
CA-2017-161956;27.08.2017;29.08.2017;Second Class;DR-12880
CA-2016-116799;03.03.2016;06.03.2016;First Class;JG-15310
CA-2016-111283;29.02.2016;04.03.2016;Standard Class;LC-16870
CA-2015-167745;18.09.2015;23.09.2015;Standard Class;GB-14530
CA-2017-104577;12.05.2017;17.05.2017;Standard Class;CK-12205
CA-2016-156251;13.08.2016;18.08.2016;Second Class;TS-21160
CA-2017-125878;25.02.2017;02.03.2017;Standard Class;MH-18025
CA-2016-163153;21.03.2016;25.03.2016;Standard Class;DM-12955
CA-2015-103205;08.12.2015;10.12.2015;Second Class;JJ-15760
CA-2014-153913;16.12.2014;20.12.2014;Second Class;KB-16585
CA-2016-155530;17.12.2016;21.12.2016;Standard Class;CM-12160
US-2016-101196;12.05.2016;17.05.2016;Standard Class;FM-14215
CA-2014-115357;06.08.2014;11.08.2014;Second Class;RF-19735
US-2014-102715;11.04.2014;13.04.2014;Second Class;JK-15370
CA-2015-107937;03.05.2015;08.05.2015;Standard Class;JB-16045
US-2017-148768;30.11.2017;02.12.2017;Second Class;PN-18775
CA-2017-118521;16.02.2017;20.02.2017;Standard Class;LF-17185
CA-2014-149643;16.11.2014;20.11.2014;Standard Class;RH-19510
CA-2015-135314;09.07.2015;14.07.2015;Second Class;MC-17575
CA-2017-165204;13.11.2017;16.11.2017;Second Class;MN-17935
CA-2017-125752;31.07.2017;04.08.2017;Standard Class;EH-14125
CA-2017-112487;26.12.2017;30.12.2017;Standard Class;TC-21535
CA-2016-144218;31.10.2016;04.11.2016;Standard Class;JD-15895
CA-2016-169971;04.09.2016;09.09.2016;Standard Class;IL-15100
US-2016-133508;17.04.2016;21.04.2016;Standard Class;SW-20350
CA-2014-107139;05.07.2014;11.07.2014;Standard Class;DP-13390
CA-2015-111325;27.02.2015;28.02.2015;First Class;BT-11395
CA-2015-163762;27.11.2015;01.12.2015;Standard Class;JE-15475
US-2014-117163;27.01.2014;02.02.2014;Standard Class;EJ-13720
CA-2017-121314;23.09.2017;26.09.2017;First Class;BE-11410
CA-2017-147760;04.11.2017;05.11.2017;First Class;KL-16555
CA-2016-156503;14.10.2016;20.10.2016;Standard Class;NC-18415
CA-2015-113628;12.11.2015;19.11.2015;Standard Class;AH-10690
CA-2017-147753;05.03.2017;05.03.2017;Same Day;PK-19075
CA-2015-103961;05.11.2015;09.11.2015;Standard Class;NG-18430
CA-2016-152471;08.07.2016;08.07.2016;Same Day;ZD-21925
CA-2015-102582;15.09.2015;19.09.2015;Standard Class;NW-18400
CA-2017-141873;09.10.2017;14.10.2017;Standard Class;HG-14845
CA-2015-140984;14.09.2015;18.09.2015;Standard Class;CC-12685
CA-2014-132801;07.10.2014;12.10.2014;Standard Class;JG-15805
CA-2017-141733;07.05.2017;11.05.2017;Standard Class;RW-19540
US-2015-111927;14.11.2015;19.11.2015;Standard Class;LS-17230
CA-2014-105984;24.11.2014;24.11.2014;Same Day;MY-18295
CA-2014-100363;08.04.2014;15.04.2014;Standard Class;JM-15655
CA-2014-126760;26.07.2014;02.08.2014;Standard Class;KM-16720
US-2014-109162;08.06.2014;12.06.2014;Standard Class;KE-16420
CA-2014-101931;28.10.2014;31.10.2014;First Class;TS-21370
CA-2017-129000;25.11.2017;27.11.2017;Second Class;SZ-20035
CA-2017-161053;22.09.2017;23.09.2017;First Class;JE-15745
CA-2015-142377;04.12.2015;09.12.2015;Standard Class;MS-17980
CA-2015-127593;21.09.2015;21.09.2015;Same Day;DH-13675
CA-2017-130526;26.11.2017;29.11.2017;First Class;GT-14755
US-2017-131849;06.06.2017;10.06.2017;Standard Class;GH-14410
US-2017-105389;23.10.2017;28.10.2017;Second Class;DM-13015
CA-2014-140816;20.12.2014;20.12.2014;Same Day;TC-21295
CA-2017-154039;17.02.2017;22.02.2017;Standard Class;JK-16120
CA-2014-135755;03.05.2014;10.05.2014;Standard Class;NC-18415
CA-2017-123246;17.10.2017;19.10.2017;Second Class;AJ-10960
CA-2015-157133;28.11.2015;03.12.2015;Standard Class;LC-16885
CA-2014-124709;27.07.2014;29.07.2014;Second Class;GW-14605
CA-2017-146360;23.04.2017;25.04.2017;Second Class;SC-20305
CA-2015-132486;23.10.2015;27.10.2015;Second Class;JF-15355
CA-2016-136231;05.09.2016;07.09.2016;Second Class;DM-13015
CA-2016-140641;28.10.2016;02.11.2016;Standard Class;EP-13915
CA-2014-151001;05.04.2014;07.04.2014;First Class;JG-15805
CA-2015-129896;15.06.2015;20.06.2015;Standard Class;PF-19120
CA-2014-152849;05.07.2014;12.07.2014;Standard Class;DW-13195
US-2017-127341;29.01.2017;02.02.2017;Standard Class;CK-12595
CA-2016-167759;03.03.2016;08.03.2016;Second Class;CC-12670
CA-2014-100895;02.06.2014;06.06.2014;Standard Class;SV-20785
US-2016-163881;24.11.2016;30.11.2016;Standard Class;SP-20860
US-2016-144547;10.11.2016;14.11.2016;Standard Class;MS-17770
US-2014-112200;22.11.2014;28.11.2014;Standard Class;TC-21475
CA-2017-110212;01.05.2017;05.05.2017;Standard Class;SJ-20125
CA-2017-134285;07.12.2017;12.12.2017;Standard Class;DS-13180
CA-2017-102267;30.11.2017;04.12.2017;Standard Class;SC-20800
CA-2017-157980;07.12.2017;09.12.2017;First Class;SH-20395
CA-2015-121097;03.01.2015;08.01.2015;Standard Class;SF-20965
CA-2015-151043;14.11.2015;20.11.2015;Standard Class;MG-17680
US-2015-119312;02.10.2015;07.10.2015;Second Class;CS-12400
CA-2015-167010;05.04.2015;10.04.2015;Standard Class;VT-21700
CA-2017-126788;05.06.2017;06.06.2017;First Class;AB-10105
CA-2017-148068;18.09.2017;25.09.2017;Standard Class;MM-18280
US-2017-142573;18.07.2017;23.07.2017;Standard Class;ML-17410
US-2015-148817;01.12.2015;07.12.2015;Standard Class;KD-16495
CA-2016-110044;28.06.2016;02.07.2016;Second Class;RF-19735
CA-2017-146920;28.08.2017;01.09.2017;Standard Class;SC-20305
CA-2014-103940;17.09.2014;21.09.2014;Standard Class;BN-11515
CA-2016-162082;14.03.2016;17.03.2016;First Class;JS-15880
CA-2016-132094;26.08.2016;02.09.2016;Standard Class;VG-21805
CA-2017-123001;02.09.2017;08.09.2017;Standard Class;AW-10840
CA-2015-118955;16.06.2015;20.06.2015;Standard Class;LS-17230
US-2016-143448;10.12.2016;10.12.2016;Same Day;MH-17455
CA-2017-117863;18.05.2017;23.05.2017;Standard Class;TS-21340
CA-2017-160458;27.05.2017;29.05.2017;Second Class;EH-13945
US-2016-142685;23.06.2016;30.06.2016;Standard Class;MG-17695
CA-2016-133144;16.05.2016;21.05.2016;Second Class;DO-13435
CA-2017-167871;18.11.2017;23.11.2017;Standard Class;AF-10870
CA-2016-119963;18.11.2016;22.11.2016;Standard Class;SN-20710
CA-2014-121167;28.11.2014;30.11.2014;Second Class;MO-17500
US-2016-151862;01.03.2016;08.03.2016;Standard Class;ON-18715
CA-2017-152961;15.01.2017;19.01.2017;Standard Class;SC-20095
CA-2014-133228;04.04.2014;09.04.2014;Standard Class;MS-17710
CA-2016-114951;26.06.2016;03.07.2016;Standard Class;DN-13690
CA-2016-156573;29.05.2016;02.06.2016;Standard Class;RB-19360
CA-2015-113901;19.10.2015;24.10.2015;Standard Class;NH-18610
CA-2017-134838;19.02.2017;20.02.2017;First Class;ED-13885
CA-2016-120257;22.09.2016;28.09.2016;Standard Class;PW-19240
CA-2014-164910;12.11.2014;17.11.2014;Second Class;DM-13345
CA-2016-149902;01.04.2016;06.04.2016;Standard Class;DW-13540
CA-2016-146010;20.05.2016;23.05.2016;First Class;EH-14125
US-2015-163685;01.06.2015;05.06.2015;Standard Class;KE-16420
CA-2014-135090;22.11.2014;26.11.2014;Standard Class;SP-20920
CA-2015-132374;22.02.2015;24.02.2015;Second Class;PS-19045
CA-2016-167556;29.03.2016;02.04.2016;Standard Class;JM-15250
US-2016-116400;22.10.2016;24.10.2016;First Class;EB-13930
CA-2017-101308;02.10.2017;07.10.2017;Standard Class;FG-14260
CA-2014-114517;23.12.2014;27.12.2014;Standard Class;TH-21235
CA-2017-119564;15.12.2017;20.12.2017;Standard Class;PL-18925
CA-2016-135265;07.07.2016;09.07.2016;Second Class;CC-12370
CA-2016-108735;17.04.2016;21.04.2016;Standard Class;JM-15535
CA-2017-112333;08.04.2017;14.04.2017;Standard Class;KF-16285
US-2016-159415;17.04.2016;22.04.2016;Standard Class;CS-12175
CA-2014-122588;25.11.2014;27.11.2014;Second Class;AR-10540
CA-2014-137589;03.11.2014;08.11.2014;Standard Class;MS-17770
CA-2015-161998;01.05.2015;05.05.2015;Standard Class;DB-13120
CA-2015-105627;08.03.2015;12.03.2015;Standard Class;DK-12895
US-2015-149629;17.07.2015;20.07.2015;Second Class;MP-17965
CA-2014-116834;11.10.2014;16.10.2014;Standard Class;Dp-13240
CA-2016-145730;03.03.2016;08.03.2016;Standard Class;CC-12220
US-2015-168732;10.12.2015;16.12.2015;Standard Class;KM-16660
CA-2015-107468;18.12.2015;22.12.2015;Standard Class;MK-17905
CA-2017-144463;01.01.2017;05.01.2017;Standard Class;SC-20725
CA-2017-100811;21.11.2017;24.11.2017;First Class;CC-12475
CA-2015-153612;22.12.2015;27.12.2015;Standard Class;BT-11305
CA-2015-165624;23.08.2015;28.08.2015;Standard Class;FH-14350
CA-2014-154963;22.06.2014;27.06.2014;Standard Class;AA-10645
CA-2017-130764;27.10.2017;28.10.2017;First Class;JO-15145
CA-2017-139311;11.08.2017;13.08.2017;First Class;SF-20965
CA-2017-124296;24.12.2017;28.12.2017;Standard Class;CS-12355
CA-2016-169957;26.09.2016;30.09.2016;Standard Class;SN-20710
US-2016-108777;12.12.2016;12.12.2016;Same Day;JM-15655
CA-2015-148859;28.12.2015;01.01.2016;Standard Class;FH-14350
CA-2014-110786;29.12.2014;02.01.2015;Standard Class;AJ-10795
CA-2015-137750;25.06.2015;30.06.2015;Standard Class;JF-15565
CA-2015-136378;02.04.2015;07.04.2015;Standard Class;CS-11845
CA-2017-100356;21.10.2017;25.10.2017;Standard Class;SP-20920
US-2015-166520;16.07.2015;19.07.2015;First Class;KE-16420
CA-2017-136350;24.06.2017;26.06.2017;Second Class;GA-14515
CA-2014-122931;29.09.2014;03.10.2014;Standard Class;SM-20950
CA-2014-163034;24.11.2014;28.11.2014;Standard Class;DK-12985
CA-2015-124058;20.11.2015;24.11.2015;Standard Class;LC-16885
CA-2016-129196;01.11.2016;07.11.2016;Standard Class;XP-21865
US-2015-138716;17.09.2015;20.09.2015;First Class;CS-11845
US-2016-122182;10.03.2016;14.03.2016;Standard Class;BD-11770
US-2014-130358;23.06.2014;26.06.2014;First Class;DL-13330
CA-2014-102673;01.11.2014;05.11.2014;Standard Class;KH-16630
CA-2016-145303;28.08.2016;31.08.2016;First Class;TP-21415
CA-2015-156104;06.12.2015;08.12.2015;Second Class;NP-18685
US-2015-164308;24.09.2015;27.09.2015;First Class;SC-20680
CA-2017-108112;15.11.2017;20.11.2017;Standard Class;DK-12895
CA-2015-100685;19.12.2015;21.12.2015;Second Class;SM-20950
CA-2015-165414;21.12.2015;24.12.2015;First Class;LS-17245
CA-2016-140417;25.09.2016;29.09.2016;Standard Class;KE-16420
US-2017-151316;24.06.2017;30.06.2017;Standard Class;MC-17635
CA-2017-163692;07.09.2017;09.09.2017;First Class;Dp-13240
CA-2016-111913;04.08.2016;06.08.2016;Second Class;LC-16930
US-2014-156559;19.08.2014;26.08.2014;Standard Class;LH-16900
CA-2016-161473;01.04.2016;05.04.2016;Standard Class;TB-21175
CA-2017-166576;16.05.2017;18.05.2017;First Class;JM-15865
CA-2015-102491;24.08.2015;28.08.2015;Standard Class;KW-16435
CA-2014-116904;23.09.2014;28.09.2014;Standard Class;SC-20095
US-2017-102288;19.06.2017;23.06.2017;Standard Class;ZC-21910
CA-2017-137456;21.12.2017;21.12.2017;Same Day;RB-19465
US-2017-155999;07.08.2017;13.08.2017;Standard Class;JK-15370
US-2016-148334;22.08.2016;26.08.2016;Standard Class;DD-13570
CA-2015-105599;07.09.2015;07.09.2015;Same Day;MC-17275
CA-2015-153717;25.12.2015;01.01.2016;Standard Class;DL-13495
CA-2015-116687;02.05.2015;07.05.2015;Standard Class;NC-18625
CA-2016-163573;24.11.2016;27.11.2016;First Class;AC-10450
CA-2015-153416;24.11.2015;29.11.2015;Standard Class;TS-21340
CA-2017-117394;04.09.2017;10.09.2017;Standard Class;MM-17920
CA-2017-133823;11.05.2017;12.05.2017;Same Day;LP-17080
CA-2014-127523;11.05.2014;18.05.2014;Standard Class;BG-11695
CA-2017-123239;27.07.2017;31.07.2017;Second Class;MG-18145
CA-2017-156769;06.05.2017;09.05.2017;First Class;GZ-14470
CA-2014-127299;19.09.2014;24.09.2014;Standard Class;JL-15835
CA-2015-121272;29.03.2015;04.04.2015;Standard Class;DO-13435
CA-2014-115336;18.11.2014;25.11.2014;Standard Class;AB-10600
CA-2015-111703;02.07.2015;09.07.2015;Standard Class;KB-16315
CA-2014-128839;08.09.2014;13.09.2014;Standard Class;TT-21070
CA-2017-105914;02.10.2017;08.10.2017;Standard Class;PV-18985
CA-2017-110926;19.11.2017;23.11.2017;Standard Class;DD-13570
CA-2016-117226;30.12.2016;01.01.2017;First Class;KD-16495
CA-2017-127313;01.12.2017;04.12.2017;First Class;RA-19285
CA-2016-136287;13.06.2016;17.06.2016;Standard Class;SS-20590
US-2014-107699;19.05.2014;23.05.2014;Standard Class;JH-15820
CA-2017-112725;30.01.2017;06.02.2017;Standard Class;EH-14125
CA-2015-136196;28.11.2015;04.12.2015;Standard Class;TP-21415
CA-2017-106068;23.10.2017;28.10.2017;Standard Class;RB-19330
CA-2017-100160;07.09.2017;11.09.2017;Standard Class;CB-12025
CA-2016-139689;29.12.2016;03.01.2017;Standard Class;MP-17965
CA-2015-101091;05.12.2015;09.12.2015;Second Class;SW-20245
CA-2014-126907;01.11.2014;08.11.2014;Standard Class;SM-20950
US-2016-164588;16.04.2016;23.04.2016;Standard Class;AP-10915
CA-2017-115546;14.05.2017;18.05.2017;Standard Class;AH-10465
CA-2015-163587;14.03.2015;18.03.2015;Standard Class;EP-13915
US-2017-106131;14.01.2017;16.01.2017;First Class;TP-21565
CA-2015-160213;08.03.2015;13.03.2015;Standard Class;AR-10825
CA-2014-157924;11.10.2014;13.10.2014;First Class;HA-14920
CA-2015-100216;13.04.2015;14.04.2015;First Class;HJ-14875
CA-2017-100601;16.11.2017;20.11.2017;Standard Class;JK-15370
CA-2016-152163;01.07.2016;01.07.2016;Same Day;JF-15355
CA-2015-154340;29.11.2015;30.11.2015;First Class;EK-13795
CA-2014-128846;07.04.2014;12.04.2014;Standard Class;RS-19765
CA-2016-148593;16.06.2016;18.06.2016;Second Class;BD-11320
US-2017-119039;06.03.2017;10.03.2017;Standard Class;BF-11170
CA-2017-128426;07.10.2017;11.10.2017;Standard Class;JK-15730
US-2017-136868;06.10.2017;12.10.2017;Standard Class;CR-12820
CA-2016-143749;05.12.2016;07.12.2016;First Class;AG-10300
CA-2016-111493;21.10.2016;22.10.2016;First Class;CM-12160
CA-2017-112536;18.05.2017;23.05.2017;Standard Class;SG-20890
CA-2016-157714;26.09.2016;01.10.2016;Second Class;CS-12175
CA-2017-166709;17.11.2017;22.11.2017;Standard Class;HL-15040
CA-2015-129392;08.07.2015;08.07.2015;Same Day;DM-13015
CA-2015-150875;16.11.2015;20.11.2015;Standard Class;HK-14890
CA-2015-154200;18.06.2015;22.06.2015;Standard Class;BG-11740
CA-2016-124233;08.04.2016;14.04.2016;Standard Class;CK-12595
US-2015-134271;18.04.2015;23.04.2015;Second Class;RF-19735
US-2016-161683;03.12.2016;08.12.2016;Standard Class;CJ-12010
CA-2015-143105;10.12.2015;10.12.2015;Same Day;MA-17560
CA-2014-145387;31.10.2014;02.11.2014;Second Class;AM-10705
CA-2017-109715;09.12.2017;14.12.2017;Standard Class;AH-10585
CA-2014-166457;05.05.2014;09.05.2014;Second Class;PF-19120
CA-2016-164637;04.03.2016;08.03.2016;Standard Class;RD-19480
CA-2014-103590;30.11.2014;04.12.2014;Standard Class;JL-15505
CA-2015-111234;18.02.2015;22.02.2015;Standard Class;AB-10600
CA-2017-149881;01.04.2017;03.04.2017;First Class;NC-18535
CA-2017-134565;11.06.2017;13.06.2017;Second Class;TB-21400
CA-2016-108644;30.09.2016;03.10.2016;First Class;SJ-20215
US-2014-102631;13.12.2014;17.12.2014;Standard Class;EB-13840
CA-2017-120327;11.11.2017;16.11.2017;Standard Class;WB-21850
CA-2015-154970;05.01.2015;10.01.2015;Standard Class;SR-20740
CA-2016-113803;24.03.2016;26.03.2016;First Class;VG-21805
CA-2017-100223;05.07.2017;10.07.2017;Standard Class;LS-16945
CA-2014-168823;21.09.2014;24.09.2014;First Class;MA-17560
CA-2016-162404;23.07.2016;27.07.2016;Standard Class;NF-18475
CA-2017-104024;29.08.2017;03.09.2017;Second Class;MD-17860
CA-2017-147144;26.03.2017;28.03.2017;First Class;MZ-17335
CA-2017-158673;29.12.2017;04.01.2018;Standard Class;KB-16600
CA-2014-133704;20.09.2014;26.09.2014;Standard Class;MA-17995
CA-2016-159142;04.04.2016;05.04.2016;First Class;ME-17320
CA-2014-138436;26.03.2014;30.03.2014;Standard Class;JD-15895
CA-2017-117702;28.11.2017;04.12.2017;Standard Class;LS-16975
CA-2016-157336;01.12.2016;05.12.2016;Second Class;SJ-20500
CA-2014-168130;19.09.2014;19.09.2014;Same Day;BS-11365
CA-2015-155068;23.10.2015;23.10.2015;Same Day;RA-19285
CA-2017-163160;13.10.2017;16.10.2017;First Class;TS-21610
CA-2015-101924;04.09.2015;09.09.2015;Standard Class;KB-16585
CA-2016-124793;14.03.2016;16.03.2016;First Class;MM-18280
CA-2017-118367;28.10.2017;02.11.2017;Second Class;LO-17170
CA-2017-164819;15.10.2017;19.10.2017;Second Class;RS-19420
CA-2017-158344;07.08.2017;11.08.2017;Standard Class;CC-12475
CA-2017-123351;21.09.2017;25.09.2017;Standard Class;KT-16480
CA-2017-110429;03.11.2017;08.11.2017;Standard Class;DM-13015
US-2016-131611;05.11.2016;09.11.2016;Standard Class;EP-13915
US-2017-124821;25.06.2017;29.06.2017;Second Class;AM-10705
CA-2015-166975;26.11.2015;30.11.2015;Standard Class;SH-20635
CA-2016-123806;24.11.2016;27.11.2016;Second Class;LA-16780
US-2017-158505;21.07.2017;21.07.2017;Same Day;SF-20200
CA-2015-142692;23.10.2015;28.10.2015;Standard Class;AG-10495
CA-2015-123456;09.07.2015;13.07.2015;Standard Class;KN-16450
CA-2017-151358;18.08.2017;22.08.2017;Standard Class;NF-18595
US-2016-107440;16.04.2016;20.04.2016;Standard Class;BS-11365
CA-2014-166989;14.11.2014;18.11.2014;Standard Class;RM-19675
CA-2014-103100;20.12.2014;23.12.2014;First Class;AB-10105
CA-2015-105690;21.11.2015;26.11.2015;Second Class;CA-11965
CA-2017-127516;28.12.2017;03.01.2018;Standard Class;EH-14005
US-2015-117184;17.05.2015;21.05.2015;Standard Class;ON-18715
CA-2017-102407;09.12.2017;13.12.2017;Second Class;AT-10435
CA-2017-130967;10.03.2017;16.03.2017;Standard Class;EB-13870
CA-2017-101581;22.10.2017;27.10.2017;Standard Class;DW-13195
CA-2017-169124;03.07.2017;10.07.2017;Standard Class;MB-17305
CA-2017-117261;04.09.2017;10.09.2017;Standard Class;TH-21235
CA-2017-129021;23.08.2017;26.08.2017;Second Class;PO-18850
CA-2014-123253;22.08.2014;25.08.2014;Second Class;DE-13255
CA-2016-121601;04.10.2016;04.10.2016;Same Day;MO-17500
CA-2014-162278;26.10.2014;30.10.2014;Second Class;AH-10585
CA-2016-161095;28.06.2016;28.06.2016;Same Day;CS-12250
CA-2014-125829;04.11.2014;11.11.2014;Standard Class;WB-21850
CA-2014-123127;08.09.2014;12.09.2014;Standard Class;SP-20620
CA-2015-115945;25.06.2015;01.07.2015;Standard Class;AB-10165
CA-2015-136735;26.07.2015;02.08.2015;Standard Class;HA-14920
US-2017-136189;07.12.2017;11.12.2017;Standard Class;DC-13285
CA-2014-152345;29.12.2014;03.01.2015;Second Class;ST-20530
US-2015-147662;14.02.2015;19.02.2015;Standard Class;KB-16315
CA-2016-153346;25.01.2016;27.01.2016;First Class;TB-21355
CA-2017-118360;01.04.2017;07.04.2017;Standard Class;JC-15775
CA-2017-149853;03.10.2017;09.10.2017;Standard Class;PO-18850
CA-2017-107909;01.09.2017;06.09.2017;Standard Class;SS-20875
CA-2015-112375;21.12.2015;27.12.2015;Standard Class;RD-19720
CA-2015-154795;20.12.2015;24.12.2015;Standard Class;GZ-14470
CA-2015-125234;27.11.2015;01.12.2015;Standard Class;SN-20710
CA-2017-133501;27.08.2017;01.09.2017;Standard Class;DK-12895
US-2014-129609;22.03.2014;22.03.2014;Same Day;VM-21835
CA-2017-130309;17.12.2017;21.12.2017;Standard Class;GB-14575
CA-2017-105410;19.03.2017;22.03.2017;First Class;ND-18370
CA-2016-120355;18.09.2016;25.09.2016;Standard Class;MM-17260
CA-2017-169894;24.11.2017;29.11.2017;Second Class;MV-17485
US-2017-100482;11.04.2017;15.04.2017;Standard Class;JL-15130
CA-2017-107748;10.12.2017;12.12.2017;Second Class;AG-10330
CA-2017-153654;24.11.2017;26.11.2017;Second Class;MD-17860
CA-2015-155600;04.12.2015;07.12.2015;Second Class;RO-19780
CA-2017-162565;11.12.2017;11.12.2017;Same Day;RR-19315
CA-2016-127642;21.05.2016;23.05.2016;First Class;CP-12340
US-2017-163195;17.02.2017;21.02.2017;Second Class;LL-16840
CA-2017-111332;20.05.2017;22.05.2017;Second Class;NC-18340
CA-2017-117044;11.09.2017;13.09.2017;Second Class;HA-14920
US-2016-165078;05.11.2016;10.11.2016;Standard Class;MA-17995
US-2017-169320;23.07.2017;25.07.2017;Second Class;LH-16900
CA-2016-158575;18.11.2016;24.11.2016;Standard Class;SB-20290
CA-2014-166954;25.04.2014;30.04.2014;Standard Class;BT-11305
CA-2015-140830;30.11.2015;02.12.2015;Second Class;PS-18970
CA-2015-152891;25.10.2015;30.10.2015;Standard Class;TB-21625
US-2015-122784;20.07.2015;27.07.2015;Standard Class;RA-19915
CA-2016-156811;27.10.2016;02.11.2016;Standard Class;BP-11095
CA-2017-111556;20.11.2017;22.11.2017;First Class;CD-11920
CA-2016-108868;08.09.2016;12.09.2016;Standard Class;KB-16585
CA-2014-142965;20.07.2014;20.07.2014;Same Day;SW-20245
CA-2016-148740;15.11.2016;19.11.2016;Standard Class;AH-10690
US-2014-138758;07.07.2014;11.07.2014;Standard Class;JL-15835
CA-2016-131737;17.03.2016;17.03.2016;Same Day;GZ-14470
CA-2016-114538;26.12.2016;27.12.2016;First Class;RC-19825
CA-2014-127936;02.09.2014;04.09.2014;First Class;CL-12565
CA-2015-164336;05.07.2015;10.07.2015;Standard Class;MW-18220
CA-2016-100041;20.11.2016;25.11.2016;Standard Class;BF-10975
US-2014-154879;06.05.2014;11.05.2014;Standard Class;SN-20710
CA-2014-130624;21.06.2014;24.06.2014;First Class;TB-21280
CA-2017-132339;19.08.2017;23.08.2017;Standard Class;JB-15400
CA-2014-153983;29.11.2014;06.12.2014;Standard Class;AH-10210
CA-2017-112900;09.04.2017;12.04.2017;Second Class;KL-16645
CA-2014-160157;20.12.2014;27.12.2014;Standard Class;MH-17455
CA-2014-139633;17.12.2014;24.12.2014;Standard Class;EC-14050
CA-2015-163090;17.11.2015;21.11.2015;Second Class;GH-14665
CA-2014-117016;04.03.2014;09.03.2014;Standard Class;SC-20095
CA-2017-159464;18.05.2017;19.05.2017;First Class;TB-21355
US-2017-103226;22.09.2017;28.09.2017;Standard Class;DW-13195
CA-2017-119452;21.03.2017;27.03.2017;Standard Class;CL-12565
CA-2017-147725;14.09.2017;14.09.2017;Same Day;LT-17110
CA-2016-168893;03.11.2016;08.11.2016;Second Class;AP-10915
CA-2016-163398;03.05.2016;08.05.2016;Standard Class;CB-12415
CA-2016-162726;27.12.2016;02.01.2017;Standard Class;MT-17815
US-2016-111290;22.07.2016;26.07.2016;Standard Class;DK-13375
US-2014-147704;16.11.2014;21.11.2014;Standard Class;SR-20740
CA-2015-121965;19.06.2015;23.06.2015;Standard Class;LH-17155
CA-2016-147137;04.07.2016;06.07.2016;First Class;AA-10645
US-2015-146745;03.09.2015;08.09.2015;Standard Class;AS-10630
CA-2017-115175;07.08.2017;12.08.2017;Standard Class;MC-17575
CA-2017-105851;13.03.2017;20.03.2017;Standard Class;SE-20110
US-2017-125717;28.09.2017;01.10.2017;First Class;DS-13030
CA-2015-163895;07.08.2015;11.08.2015;Standard Class;NS-18640
CA-2017-168641;24.11.2017;01.12.2017;Standard Class;KA-16525
CA-2017-156895;08.05.2017;12.05.2017;Standard Class;DJ-13510
CA-2017-121300;29.09.2017;29.09.2017;Same Day;MG-17680
CA-2017-130211;22.10.2017;22.10.2017;Same Day;BD-11620
CA-2014-147235;24.03.2014;28.03.2014;Standard Class;CD-11920
CA-2016-109365;03.11.2016;08.11.2016;Standard Class;XP-21865
CA-2015-162621;05.09.2015;11.09.2015;Standard Class;CA-12055
CA-2017-105921;14.08.2017;21.08.2017;Standard Class;JM-15250
CA-2014-150798;01.12.2014;03.12.2014;Second Class;JK-15730
CA-2017-112753;18.06.2017;23.06.2017;Standard Class;CC-12670
CA-2017-155075;02.12.2017;09.12.2017;Standard Class;GW-14605
CA-2014-103401;21.11.2014;26.11.2014;Standard Class;GR-14560
CA-2016-124814;10.04.2016;16.04.2016;Standard Class;FM-14215
CA-2014-116757;30.06.2014;04.07.2014;Standard Class;MS-17980
US-2014-138247;24.12.2014;29.12.2014;Standard Class;BF-11170
CA-2017-167003;23.05.2017;29.05.2017;Standard Class;VS-21820
CA-2016-119935;10.11.2016;14.11.2016;Standard Class;KM-16225
CA-2016-118969;02.10.2016;03.10.2016;First Class;LP-17095
CA-2016-145240;06.09.2016;08.09.2016;First Class;BG-11740
CA-2016-120873;27.10.2016;01.11.2016;Second Class;BW-11200
US-2017-111920;22.10.2017;26.10.2017;Standard Class;PS-18970
US-2016-128678;15.09.2016;20.09.2016;Standard Class;RB-19570
CA-2016-101385;25.09.2016;01.10.2016;Standard Class;JW-16075
CA-2017-107167;10.06.2017;14.06.2017;Standard Class;ND-18460
CA-2014-109491;20.02.2014;26.02.2014;Standard Class;LC-16930
CA-2017-105445;20.02.2017;25.02.2017;Second Class;BP-11095
CA-2014-107454;02.11.2014;06.11.2014;Standard Class;RD-19720
US-2017-105046;17.07.2017;23.07.2017;Standard Class;BE-11335
CA-2017-152856;08.09.2017;10.09.2017;Second Class;RS-19765
CA-2016-134691;14.11.2016;18.11.2016;Standard Class;KC-16540
CA-2016-118759;14.11.2016;17.11.2016;First Class;MB-17305
CA-2014-140403;10.10.2014;10.10.2014;Same Day;TN-21040
CA-2015-163104;19.03.2015;26.03.2015;Standard Class;MC-18130
CA-2017-138464;08.07.2017;12.07.2017;Standard Class;VF-21715
CA-2015-104129;27.02.2015;02.03.2015;Standard Class;ES-14080
US-2017-132206;16.06.2017;21.06.2017;Standard Class;MK-17905
CA-2017-113474;30.03.2017;31.03.2017;First Class;TM-21490
CA-2015-126557;12.07.2015;17.07.2015;Second Class;RL-19615
US-2017-107636;30.04.2017;02.05.2017;First Class;NM-18520
US-2014-165862;13.07.2014;17.07.2014;Standard Class;GK-14620
US-2014-106334;27.12.2014;02.01.2015;Standard Class;JF-15490
CA-2016-101448;27.02.2016;01.03.2016;Second Class;EB-13930
CA-2015-130218;23.03.2015;26.03.2015;First Class;SG-20470
US-2017-117331;21.10.2017;28.10.2017;Standard Class;ND-18370
CA-2014-127383;31.12.2014;05.01.2015;Standard Class;CM-11815
CA-2014-110219;05.05.2014;08.05.2014;First Class;EB-13870
CA-2015-118871;04.12.2015;09.12.2015;Second Class;HM-14860
CA-2017-129490;26.09.2017;30.09.2017;Standard Class;SJ-20125
CA-2014-101175;09.12.2014;14.12.2014;Standard Class;DM-12955
US-2017-149510;03.12.2017;10.12.2017;Standard Class;MC-17575
CA-2015-111990;08.11.2015;13.11.2015;Standard Class;DB-13660
CA-2014-169460;19.04.2014;21.04.2014;Second Class;NF-18595
US-2015-152128;25.05.2015;27.05.2015;Second Class;NM-18445
CA-2017-126662;17.07.2017;21.07.2017;Standard Class;AB-10255
CA-2016-139395;12.12.2016;18.12.2016;Standard Class;MG-17650
US-2014-121734;11.04.2014;16.04.2014;Standard Class;SE-20110
CA-2015-110947;09.06.2015;15.06.2015;Standard Class;AG-10765
US-2014-150126;27.07.2014;02.08.2014;Standard Class;AS-10045
CA-2015-164427;31.07.2015;06.08.2015;Standard Class;AR-10405
CA-2016-120250;19.09.2016;22.09.2016;First Class;AP-10720
CA-2016-121993;10.06.2016;12.06.2016;First Class;JB-16000
US-2016-100405;26.08.2016;28.08.2016;Second Class;TS-21430
US-2017-163790;02.11.2017;04.11.2017;Second Class;NL-18310
CA-2016-129868;26.12.2016;31.12.2016;Standard Class;MC-18130
CA-2016-140564;05.12.2016;10.12.2016;Second Class;TC-21475
US-2017-169502;28.08.2017;01.09.2017;Standard Class;MG-17650
CA-2015-146948;16.07.2015;20.07.2015;Standard Class;MG-17890
US-2015-113327;26.05.2015;29.05.2015;Second Class;BF-11170
CA-2015-135020;28.05.2015;02.06.2015;Standard Class;MS-17770
US-2017-141852;09.11.2017;14.11.2017;Standard Class;JE-15745
CA-2016-109407;24.01.2016;26.01.2016;Second Class;HG-14965
US-2017-165953;31.12.2016;06.01.2017;Standard Class;EP-13915
CA-2016-144540;05.09.2016;10.09.2016;Standard Class;GH-14410
CA-2015-159863;04.09.2015;07.09.2015;Second Class;DS-13180
CA-2015-117800;21.09.2015;26.09.2015;Standard Class;TH-21550
CA-2017-145219;24.12.2017;25.12.2017;First Class;RM-19675
CA-2015-161214;05.10.2015;08.10.2015;Second Class;SF-20965
CA-2017-147228;09.09.2017;14.09.2017;Standard Class;SO-20335
CA-2016-101336;13.11.2016;18.11.2016;Standard Class;CK-12760
US-2015-126235;15.10.2015;15.10.2015;Same Day;GA-14725
CA-2017-168396;03.08.2017;08.08.2017;Second Class;BD-11725
CA-2015-130456;21.08.2015;26.08.2015;Standard Class;DS-13180
CA-2017-116288;12.03.2017;17.03.2017;Standard Class;BS-11380
CA-2017-168228;27.04.2017;29.04.2017;First Class;AP-10915
CA-2016-102162;11.09.2016;16.09.2016;Standard Class;JF-15565
CA-2017-130141;22.10.2017;24.10.2017;Second Class;HA-14905
CA-2015-147501;02.08.2015;06.08.2015;Standard Class;Co-12640
CA-2016-143910;12.08.2016;16.08.2016;Standard Class;BC-11125
CA-2014-146885;30.05.2014;05.06.2014;Standard Class;EB-13840
CA-2016-139556;26.04.2016;01.05.2016;Standard Class;DB-13360
CA-2017-129357;14.05.2017;19.05.2017;Standard Class;KB-16585
CA-2017-150987;08.04.2017;12.04.2017;Standard Class;AH-10120
CA-2017-132647;17.02.2017;23.02.2017;Standard Class;GH-14410
CA-2017-159107;24.06.2017;26.06.2017;Second Class;KT-16480
CA-2014-160738;05.05.2014;10.05.2014;Standard Class;KH-16330
CA-2015-112130;03.05.2015;07.05.2015;Standard Class;SV-20785
CA-2016-111409;18.09.2016;22.09.2016;Standard Class;PO-18850
CA-2016-116232;22.09.2016;26.09.2016;Standard Class;AC-10450
CA-2016-116547;10.01.2016;17.01.2016;Standard Class;KB-16585
US-2017-133200;06.05.2017;11.05.2017;Standard Class;DB-13555
CA-2016-133550;31.07.2016;06.08.2016;Standard Class;KL-16645
CA-2017-139416;27.03.2017;29.03.2017;Second Class;AG-10270
CA-2014-114510;14.03.2014;19.03.2014;Standard Class;JF-15295
CA-2016-169215;14.07.2016;18.07.2016;Second Class;RE-19450
CA-2016-127698;01.12.2016;01.12.2016;Same Day;MV-18190
CA-2016-159912;29.08.2016;03.09.2016;Standard Class;GB-14530
CA-2016-101987;24.06.2016;30.06.2016;Standard Class;HL-15040
US-2017-154851;30.03.2017;03.04.2017;Standard Class;BP-11155
CA-2014-138681;20.12.2014;22.12.2014;First Class;CT-11995
US-2015-138121;17.12.2015;17.12.2015;Same Day;JL-15835
CA-2017-140298;11.05.2017;17.05.2017;Standard Class;JK-16120
CA-2016-166240;24.06.2016;28.06.2016;Standard Class;DH-13075
CA-2016-158435;17.05.2016;18.05.2016;First Class;AG-10900
CA-2017-138149;29.06.2017;30.06.2017;First Class;WB-21850
CA-2014-112403;31.03.2014;31.03.2014;Same Day;JO-15280
CA-2014-108273;16.12.2014;21.12.2014;Standard Class;EJ-13720
CA-2017-121643;18.05.2017;20.05.2017;First Class;AB-10105
US-2015-122910;12.05.2015;16.05.2015;Standard Class;LT-16765
CA-2017-143126;03.12.2017;07.12.2017;Second Class;CM-12655
CA-2015-129042;12.12.2015;17.12.2015;Standard Class;EM-13960
CA-2015-109736;10.10.2015;11.10.2015;First Class;DJ-13420
CA-2015-142601;18.04.2015;20.04.2015;Second Class;DE-13255
CA-2014-106229;07.06.2014;11.06.2014;Second Class;NR-18550
US-2017-135230;01.09.2017;07.09.2017;Standard Class;CK-12325
CA-2016-159653;22.05.2016;22.05.2016;Same Day;JF-15490
CA-2016-131968;11.11.2016;15.11.2016;Standard Class;LB-16795
CA-2014-119151;25.11.2014;29.11.2014;Second Class;MP-18175
CA-2014-123323;07.11.2014;12.11.2014;Standard Class;LH-16900
CA-2016-124681;18.07.2016;23.07.2016;Second Class;SV-20935
US-2015-103996;29.03.2015;31.03.2015;Second Class;RB-19435
CA-2016-120530;07.04.2016;12.04.2016;Standard Class;Dl-13600
CA-2015-155054;13.06.2015;19.06.2015;Standard Class;PS-19045
CA-2015-105725;18.02.2015;24.02.2015;Standard Class;GT-14755
CA-2017-164364;12.11.2017;16.11.2017;Standard Class;CS-12355
CA-2017-168123;05.03.2017;05.03.2017;Same Day;JD-16060
CA-2016-120005;03.03.2016;03.03.2016;Same Day;TS-21160
CA-2016-123526;24.12.2016;25.12.2016;First Class;BV-11245
CA-2016-127649;07.10.2016;09.10.2016;First Class;DL-13495
CA-2016-159989;09.12.2016;13.12.2016;Standard Class;EB-13870
CA-2017-103499;20.11.2017;24.11.2017;Standard Class;ES-14020
US-2015-167220;12.12.2015;16.12.2015;Standard Class;JB-15925
CA-2017-126354;03.02.2017;08.02.2017;Standard Class;SC-20380
CA-2017-169817;21.09.2017;25.09.2017;Standard Class;EB-13870
US-2017-144582;30.04.2017;05.05.2017;Standard Class;TC-21475
CA-2014-121573;03.11.2014;07.11.2014;Standard Class;SG-20605
CA-2016-117660;30.12.2016;04.01.2017;Standard Class;BM-11785
CA-2014-112851;17.09.2014;21.09.2014;Standard Class;NR-18550
CA-2017-123701;24.11.2017;27.11.2017;First Class;PG-18820
CA-2015-118227;24.04.2015;28.04.2015;Standard Class;DB-13270
CA-2015-123155;09.03.2015;12.03.2015;First Class;NS-18640
CA-2017-158883;02.06.2017;03.06.2017;Same Day;CS-11860
US-2016-114888;19.09.2016;24.09.2016;Second Class;CC-12430
US-2014-167262;31.10.2014;03.11.2014;Second Class;AC-10450
CA-2017-119746;23.11.2017;27.11.2017;Standard Class;CM-12385
CA-2017-108091;16.11.2017;21.11.2017;Standard Class;EK-13795
CA-2016-101630;19.02.2016;23.02.2016;Second Class;CK-12760
CA-2017-132346;07.11.2017;11.11.2017;Standard Class;PK-19075
CA-2014-150301;08.07.2014;10.07.2014;First Class;MH-18025
CA-2014-159310;07.11.2014;12.11.2014;Standard Class;SC-20725
US-2017-147984;28.01.2017;01.02.2017;Standard Class;GB-14575
CA-2015-104346;11.12.2015;16.12.2015;Standard Class;IM-15070
US-2015-141684;29.06.2015;04.07.2015;Standard Class;MM-18055
CA-2015-144722;16.03.2015;23.03.2015;Standard Class;MF-18250
CA-2015-120516;13.08.2015;17.08.2015;Standard Class;CK-12595
US-2016-148901;14.05.2016;19.05.2016;Standard Class;MK-17905
CA-2017-136364;13.07.2017;17.07.2017;Second Class;MH-17455
CA-2015-137708;22.11.2015;25.11.2015;Second Class;NG-18430
CA-2014-149055;23.11.2014;28.11.2014;Standard Class;PB-19210
CA-2015-151589;27.12.2015;30.12.2015;First Class;RE-19450
CA-2016-121370;14.11.2016;19.11.2016;Second Class;EB-14110
CA-2016-111696;08.05.2016;10.05.2016;First Class;TB-21625
CA-2014-139598;26.12.2014;31.12.2014;Standard Class;MG-17695
CA-2017-117436;08.06.2017;14.06.2017;Standard Class;LW-17125
CA-2015-140025;07.04.2015;11.04.2015;Standard Class;PF-19120
CA-2016-134222;10.07.2016;11.07.2016;Same Day;NZ-18565
CA-2016-140018;21.11.2016;26.11.2016;Standard Class;CK-12205
US-2017-136707;12.11.2017;15.11.2017;First Class;JE-15610
CA-2014-152562;01.11.2014;08.11.2014;Standard Class;JO-15145
CA-2016-152408;15.05.2016;21.05.2016;Standard Class;TT-21220
CA-2014-120278;07.11.2014;12.11.2014;Standard Class;MS-17365
CA-2017-167661;05.10.2017;10.10.2017;Standard Class;MP-18175
CA-2017-106831;01.06.2017;03.06.2017;First Class;FH-14350
CA-2017-154123;20.11.2017;25.11.2017;Standard Class;SC-20050
CA-2016-136049;23.12.2016;28.12.2016;Standard Class;NM-18520
CA-2017-118402;29.09.2017;04.10.2017;Standard Class;JO-15280
US-2016-139388;07.11.2016;09.11.2016;First Class;CC-12475
US-2014-128685;04.04.2014;05.04.2014;First Class;MZ-17515
CA-2015-124044;23.07.2015;26.07.2015;Second Class;MS-17830
CA-2014-164469;25.06.2014;27.06.2014;Second Class;GK-14620
CA-2014-107818;08.09.2014;14.09.2014;Standard Class;MC-17275
CA-2014-113320;12.12.2014;15.12.2014;Second Class;LH-17155
CA-2015-137526;13.01.2015;17.01.2015;Standard Class;PB-19150
CA-2017-136063;15.12.2017;19.12.2017;Standard Class;SS-20140
CA-2016-101546;18.12.2016;24.12.2016;Standard Class;GK-14620
CA-2014-138940;11.04.2014;16.04.2014;Second Class;GM-14455
CA-2016-125164;10.11.2016;14.11.2016;Standard Class;SH-19975
CA-2017-163531;26.06.2017;30.06.2017;Standard Class;SC-20725
CA-2017-122490;13.11.2017;18.11.2017;Standard Class;TT-21070
CA-2017-131366;24.11.2017;29.11.2017;Standard Class;SC-20440
CA-2017-164042;23.05.2017;27.05.2017;Standard Class;KL-16645
CA-2014-132864;02.12.2014;07.12.2014;Standard Class;KN-16390
US-2014-155817;03.10.2014;09.10.2014;Standard Class;SL-20155
US-2016-131891;29.07.2016;31.07.2016;First Class;PW-19240
CA-2017-143567;02.11.2017;05.11.2017;Second Class;TB-21175
CA-2017-104080;08.03.2017;15.03.2017;Standard Class;AH-10210
CA-2014-151379;16.12.2014;20.12.2014;Standard Class;SC-20695
CA-2016-163167;28.11.2016;01.12.2016;Second Class;RF-19345
CA-2016-135776;23.12.2016;30.12.2016;Standard Class;EH-13765
US-2014-122021;15.10.2014;17.10.2014;First Class;AC-10660
CA-2016-130484;22.08.2016;27.08.2016;Standard Class;SG-20470
CA-2017-120936;17.12.2017;21.12.2017;Standard Class;CA-12310
CA-2017-110884;07.03.2017;12.03.2017;Standard Class;SH-20395
US-2014-161613;01.12.2014;03.12.2014;Second Class;MC-17605
US-2014-146353;14.10.2014;16.10.2014;Second Class;JE-15610
CA-2014-133809;18.11.2014;23.11.2014;Second Class;MS-17530
CA-2017-127306;14.01.2017;18.01.2017;Standard Class;BH-11710
CA-2015-161830;24.09.2015;26.09.2015;Second Class;ME-17725
CA-2017-163125;09.10.2017;11.10.2017;Second Class;MB-17305
CA-2016-160304;02.01.2016;07.01.2016;Standard Class;BM-11575
CA-2017-101728;19.08.2017;23.08.2017;Standard Class;SC-20575
CA-2017-114055;25.12.2017;29.12.2017;Second Class;MH-18115
CA-2017-126438;10.09.2017;13.09.2017;First Class;AR-10345
CA-2017-117653;19.10.2017;23.10.2017;Standard Class;MO-17500
CA-2017-143245;01.12.2017;06.12.2017;Standard Class;AD-10180
US-2014-138828;02.09.2014;03.09.2014;First Class;KD-16345
CA-2017-143651;25.03.2017;30.03.2017;Standard Class;FM-14215
CA-2015-106978;28.09.2015;04.10.2015;Standard Class;ZC-21910
CA-2015-155124;15.03.2015;21.03.2015;Standard Class;KS-16300
CA-2017-150931;06.01.2017;13.01.2017;Standard Class;DP-13390
CA-2014-157147;13.01.2014;18.01.2014;Standard Class;BD-11605
CA-2015-156482;06.02.2015;13.02.2015;Standard Class;IL-15100
CA-2017-106782;21.12.2017;27.12.2017;Standard Class;LP-17095
CA-2016-151372;05.09.2016;06.09.2016;First Class;JH-15985
CA-2014-102085;04.10.2014;09.10.2014;Standard Class;JD-16015
CA-2017-107125;27.11.2017;02.12.2017;Standard Class;BD-11320
CA-2016-125815;28.10.2016;01.11.2016;Second Class;DL-13330
CA-2015-144190;09.06.2015;13.06.2015;Standard Class;NC-18415
CA-2017-117926;08.12.2017;12.12.2017;Second Class;AS-10225
CA-2015-153906;16.03.2015;20.03.2015;Standard Class;MS-17980
CA-2014-160262;09.06.2014;13.06.2014;Second Class;TS-21205
CA-2015-127607;20.03.2015;26.03.2015;Standard Class;JK-15730
CA-2016-166226;18.11.2016;22.11.2016;Standard Class;TC-21535
CA-2014-156587;07.03.2014;08.03.2014;First Class;AB-10015
CA-2016-141180;15.05.2016;19.05.2016;Second Class;DP-13000
CA-2015-109708;25.05.2015;28.05.2015;Second Class;CY-12745
CA-2015-122406;02.08.2015;05.08.2015;Second Class;BE-11455
US-2016-153815;06.11.2016;09.11.2016;First Class;KL-16555
CA-2016-164896;07.11.2016;12.11.2016;Standard Class;PS-19045
CA-2015-142202;18.09.2015;23.09.2015;Second Class;JR-16210
CA-2015-165050;07.12.2015;09.12.2015;First Class;AH-10210
US-2016-131114;09.12.2016;13.12.2016;Second Class;RW-19630
CA-2014-160066;16.11.2014;22.11.2014;Standard Class;AH-10075
CA-2016-109925;06.11.2016;10.11.2016;Second Class;IM-15070
CA-2015-160696;06.09.2015;10.09.2015;Standard Class;CK-12760
CA-2014-125171;03.09.2014;03.09.2014;Same Day;AG-10390
CA-2016-149279;24.04.2016;28.04.2016;Standard Class;CL-12700
CA-2017-107321;31.08.2017;04.09.2017;Standard Class;AW-10930
US-2017-122714;07.12.2017;13.12.2017;Standard Class;HG-14965
CA-2015-153038;18.12.2015;25.12.2015;Standard Class;RB-19645
CA-2014-132227;04.11.2014;10.11.2014;Standard Class;SZ-20035
CA-2017-155824;10.03.2017;15.03.2017;Standard Class;KS-16300
CA-2016-129238;31.01.2016;04.02.2016;Standard Class;SC-20050
CA-2017-159688;07.05.2017;12.05.2017;Standard Class;AB-10060
CA-2016-136126;24.05.2016;24.05.2016;Same Day;EH-14125
CA-2016-155033;07.10.2016;12.10.2016;Standard Class;CC-12475
CA-2014-156006;30.04.2014;02.05.2014;Second Class;TM-21010
CA-2015-158659;10.11.2015;14.11.2015;Second Class;SC-20695
CA-2015-169796;09.11.2015;14.11.2015;Standard Class;Dp-13240
CA-2015-102876;07.09.2015;14.09.2015;Standard Class;LR-17035
US-2017-139647;11.05.2017;13.05.2017;First Class;TS-21370
US-2017-160465;21.07.2017;26.07.2017;Standard Class;SW-20350
CA-2014-153850;24.11.2014;29.11.2014;Standard Class;TH-21100
CA-2014-127558;15.11.2014;18.11.2014;First Class;SS-20410
CA-2017-136511;23.03.2017;25.03.2017;Second Class;MZ-17515
CA-2016-133795;18.12.2016;24.12.2016;Standard Class;JE-15475
US-2017-130953;29.07.2017;03.08.2017;Standard Class;RF-19735
CA-2014-151792;02.09.2014;07.09.2014;Second Class;CV-12295
CA-2017-139304;29.01.2017;02.02.2017;Standard Class;VG-21790
CA-2016-155166;26.12.2016;02.01.2017;Standard Class;BB-11545
CA-2015-103954;09.08.2015;13.08.2015;Second Class;HR-14770
CA-2014-169803;06.04.2014;12.04.2014;Standard Class;SC-20260
CA-2017-141719;17.11.2017;21.11.2017;Second Class;EG-13900
CA-2015-136469;11.07.2015;12.07.2015;First Class;TS-21370
CA-2016-158694;10.11.2016;13.11.2016;Second Class;AI-10855
US-2014-104759;31.03.2014;04.04.2014;Standard Class;DD-13570
CA-2015-150511;18.09.2015;24.09.2015;Standard Class;AB-10060
CA-2015-134922;07.11.2015;11.11.2015;Standard Class;KB-16240
US-2017-120607;19.05.2017;19.05.2017;Same Day;JC-15775
CA-2015-141243;03.01.2015;08.01.2015;Second Class;AH-10465
CA-2015-162166;08.09.2015;11.09.2015;First Class;NM-18520
CA-2016-120796;03.04.2016;07.04.2016;Standard Class;CS-11950
CA-2016-109722;05.12.2016;07.12.2016;Second Class;TP-21130
CA-2015-136798;08.05.2015;12.05.2015;Standard Class;DL-12925
CA-2017-122196;22.09.2017;24.09.2017;First Class;CA-12265
CA-2017-142090;30.11.2017;07.12.2017;Standard Class;SC-20380
CA-2017-160934;15.01.2017;19.01.2017;Standard Class;TT-21460
CA-2014-124478;08.08.2014;12.08.2014;Standard Class;MA-17560
CA-2015-145485;05.11.2015;05.11.2015;Same Day;JM-16195
CA-2017-151071;25.04.2017;29.04.2017;Second Class;MB-18085
CA-2014-134572;20.04.2014;22.04.2014;Second Class;SV-20365
CA-2017-143217;11.11.2017;17.11.2017;Standard Class;CG-12040
US-2017-133312;25.11.2017;29.11.2017;Standard Class;BD-11500
US-2015-137533;18.12.2015;18.12.2015;Same Day;JK-15640
CA-2016-155138;08.09.2016;12.09.2016;Standard Class;JM-15580
CA-2016-108350;06.06.2016;09.06.2016;Second Class;SC-20230
CA-2015-144302;19.06.2015;23.06.2015;Standard Class;ME-17320
CA-2015-109001;05.03.2015;09.03.2015;Standard Class;KN-16390
CA-2017-132738;04.08.2017;07.08.2017;First Class;HM-14860
CA-2017-156720;30.12.2017;03.01.2018;Standard Class;JM-15580
CA-2015-119102;23.05.2015;27.05.2015;Standard Class;KH-16690
US-2014-140452;06.12.2014;10.12.2014;Standard Class;BK-11260
CA-2015-141936;07.08.2015;12.08.2015;Standard Class;PN-18775
CA-2014-158442;17.03.2014;17.03.2014;Same Day;AZ-10750
CA-2015-167374;26.03.2015;30.03.2015;Second Class;GM-14500
CA-2014-116568;14.12.2014;20.12.2014;Standard Class;BM-11785
CA-2015-147102;19.09.2015;26.09.2015;Standard Class;NH-18610
CA-2017-132213;25.04.2017;26.04.2017;First Class;PN-18775
CA-2014-138450;18.10.2014;22.10.2014;Standard Class;EH-13765
CA-2015-153073;13.11.2015;13.11.2015;Same Day;HA-14905
CA-2016-147970;31.01.2016;02.02.2016;Second Class;AB-10150
CA-2016-150658;17.11.2016;22.11.2016;Standard Class;MS-17365
CA-2017-125640;25.07.2017;29.07.2017;Standard Class;DD-13570
CA-2017-154137;11.11.2017;17.11.2017;Standard Class;MT-17815
CA-2015-127173;26.09.2015;03.10.2015;Standard Class;GM-14500
CA-2014-149538;04.04.2014;08.04.2014;Standard Class;KB-16585
CA-2014-160766;14.09.2014;14.09.2014;Same Day;DM-13015
CA-2017-146626;29.12.2017;05.01.2018;Standard Class;BP-11185
CA-2015-123330;21.06.2015;27.06.2015;Standard Class;EP-13915
CA-2017-155607;26.11.2017;30.11.2017;Standard Class;FG-14260
CA-2016-151323;23.10.2016;28.10.2016;Standard Class;AB-10255
CA-2015-146696;14.12.2015;19.12.2015;Standard Class;RD-19480
CA-2016-128972;13.11.2016;17.11.2016;Standard Class;TS-21430
CA-2017-128335;29.09.2017;05.10.2017;Standard Class;JA-15970
CA-2015-154886;08.11.2015;12.11.2015;Standard Class;SW-20455
CA-2016-111213;01.04.2016;05.04.2016;Standard Class;FP-14320
CA-2017-161333;02.02.2017;07.02.2017;Standard Class;JL-15835
CA-2017-128734;24.12.2017;31.12.2017;Standard Class;JL-15175
CA-2014-141796;21.06.2014;21.06.2014;Same Day;JG-15160
CA-2017-125101;06.03.2017;10.03.2017;Second Class;SH-19975
CA-2017-169929;25.09.2017;28.09.2017;First Class;LS-17200
US-2014-121566;30.06.2014;06.07.2014;Standard Class;CS-11860
US-2015-124219;07.08.2015;08.08.2015;First Class;KW-16570
CA-2017-163006;30.06.2017;04.07.2017;Second Class;GH-14410
CA-2015-156146;26.10.2015;30.10.2015;Second Class;AG-10495
CA-2014-111192;30.07.2014;05.08.2014;Standard Class;TS-21430
CA-2016-115378;18.11.2016;23.11.2016;Second Class;AJ-10945
CA-2015-161627;06.07.2015;11.07.2015;Standard Class;SJ-20215
CA-2014-121006;10.11.2014;16.11.2014;Standard Class;SC-20020
CA-2016-122903;27.05.2016;29.05.2016;Second Class;LA-16780
CA-2015-107741;08.03.2015;10.03.2015;First Class;FC-14335
CA-2017-106432;19.10.2017;24.10.2017;Standard Class;CA-12265
CA-2016-148908;05.11.2016;08.11.2016;First Class;JH-15985
CA-2016-123015;26.12.2016;30.12.2016;Standard Class;AJ-10795
US-2015-120502;13.04.2015;19.04.2015;Standard Class;BT-11395
CA-2017-108749;12.09.2017;15.09.2017;First Class;DJ-13510
CA-2017-163335;24.09.2017;27.09.2017;First Class;AG-10675
CA-2015-134719;10.10.2015;15.10.2015;Standard Class;JD-15790
US-2015-154389;27.11.2015;03.12.2015;Standard Class;EH-14125
CA-2015-115567;13.09.2015;18.09.2015;Standard Class;ZC-21910
US-2017-136679;14.11.2017;18.11.2017;Standard Class;XP-21865
US-2017-141943;05.05.2017;09.05.2017;Standard Class;DK-12985
CA-2014-101560;28.11.2014;01.12.2014;Second Class;CS-12250
CA-2014-159709;10.05.2014;15.05.2014;Standard Class;AI-10855
CA-2016-103982;03.03.2016;08.03.2016;Standard Class;AA-10315
CA-2015-142454;15.08.2015;19.08.2015;Standard Class;RE-19450
CA-2015-102015;12.09.2015;18.09.2015;Standard Class;TM-21010
CA-2015-156755;12.01.2015;18.01.2015;Standard Class;YS-21880
CA-2015-130876;12.05.2015;16.05.2015;Second Class;AZ-10750
CA-2016-145898;26.09.2016;26.09.2016;Same Day;CM-12445
US-2017-159562;09.09.2017;15.09.2017;Standard Class;JB-16000
CA-2017-134635;15.04.2017;17.04.2017;Second Class;NS-18640
CA-2017-167080;10.06.2017;14.06.2017;Standard Class;LC-16930
CA-2017-145653;01.09.2017;01.09.2017;Same Day;CA-12775
CA-2014-140487;14.06.2014;20.06.2014;Standard Class;SR-20425
CA-2017-117401;18.05.2017;22.05.2017;Second Class;PP-18955
US-2017-109582;12.09.2017;17.09.2017;Second Class;JM-15865
CA-2016-119865;21.06.2016;26.06.2016;Standard Class;AS-10090
US-2014-147648;26.11.2014;01.12.2014;Standard Class;LS-16975
CA-2017-124436;19.03.2017;22.03.2017;Second Class;SA-20830
CA-2014-115084;18.10.2014;22.10.2014;Standard Class;LS-17200
CA-2017-131037;22.08.2017;23.08.2017;First Class;TM-21490
CA-2016-111143;19.11.2016;22.11.2016;First Class;TT-21265
CA-2014-166744;20.09.2014;24.09.2014;Standard Class;DN-13690
CA-2016-116561;11.09.2016;17.09.2016;Standard Class;EB-14110
CA-2016-110730;23.09.2016;26.09.2016;Second Class;CM-11815
CA-2017-146367;04.08.2017;08.08.2017;Standard Class;HM-14860
CA-2016-149454;25.07.2016;26.07.2016;First Class;KM-16375
CA-2016-156265;02.08.2016;04.08.2016;Second Class;BF-11020
US-2015-168914;21.05.2015;27.05.2015;Standard Class;JE-15745
US-2017-110989;03.11.2017;05.11.2017;Second Class;EJ-14155
CA-2015-106215;16.04.2015;21.04.2015;Standard Class;BN-11470
US-2016-169369;12.12.2016;18.12.2016;Standard Class;EC-14050
CA-2015-132318;30.10.2015;02.11.2015;First Class;TT-21220
US-2014-131982;07.03.2014;11.03.2014;Second Class;NP-18685
CA-2015-125185;05.03.2015;07.03.2015;Second Class;AH-10195
CA-2016-130078;08.08.2016;14.08.2016;Standard Class;CC-12145
US-2017-114034;03.01.2017;08.01.2017;Standard Class;DL-13315
US-2017-115595;09.10.2017;11.10.2017;First Class;XP-21865
CA-2017-158722;20.10.2017;26.10.2017;Standard Class;MA-17560
CA-2014-105165;07.09.2014;10.09.2014;First Class;SZ-20035
CA-2017-147452;30.09.2017;03.10.2017;First Class;CS-11845
US-2017-114657;16.11.2017;21.11.2017;Standard Class;MH-18115
CA-2017-144484;11.09.2017;11.09.2017;Same Day;CB-12025
CA-2017-125913;16.01.2017;16.01.2017;Same Day;JO-15145
US-2016-158309;26.11.2016;29.11.2016;First Class;PA-19060
CA-2015-162887;07.11.2015;09.11.2015;Second Class;SV-20785
CA-2017-147333;14.12.2017;20.12.2017;Standard Class;KL-16555
CA-2014-113859;13.09.2014;17.09.2014;Standard Class;BC-11125
CA-2014-159681;07.12.2014;13.12.2014;Standard Class;PO-18850
US-2017-104094;07.09.2017;11.09.2017;Standard Class;AG-10675
CA-2017-152709;07.10.2017;12.10.2017;Standard Class;DB-13210
CA-2015-105158;05.09.2015;10.09.2015;Standard Class;SP-20860
CA-2014-133424;30.03.2014;04.04.2014;Standard Class;Dl-13600
CA-2017-105991;05.05.2017;06.05.2017;First Class;LH-17020
US-2017-136784;30.04.2017;05.05.2017;Standard Class;AD-10180
CA-2014-146283;08.09.2014;15.09.2014;Standard Class;KT-16465
CA-2017-151218;20.06.2017;23.06.2017;First Class;PJ-19015
CA-2015-111073;26.12.2015;30.12.2015;Standard Class;MC-18100
CA-2017-144883;15.08.2017;19.08.2017;Standard Class;BO-11350
CA-2017-142174;04.03.2017;09.03.2017;Standard Class;DP-13000
CA-2017-108791;27.07.2017;31.07.2017;Standard Class;TM-21490
CA-2016-106656;23.09.2016;26.09.2016;First Class;DV-13045
CA-2016-113831;30.05.2016;03.06.2016;Standard Class;AH-10690
US-2014-139500;16.11.2014;20.11.2014;Standard Class;AB-10165
US-2014-166310;21.09.2014;23.09.2014;First Class;JS-15940
US-2016-168410;21.02.2016;26.02.2016;Standard Class;BV-11245
CA-2017-131254;19.11.2017;21.11.2017;First Class;NC-18415
CA-2016-123414;21.08.2016;27.08.2016;Standard Class;SU-20665
CA-2017-137876;30.04.2017;05.05.2017;Standard Class;DJ-13510
CA-2016-154060;02.05.2016;08.05.2016;Standard Class;DL-12865
US-2017-162558;02.10.2017;05.10.2017;First Class;Dp-13240
CA-2017-134439;18.09.2017;23.09.2017;Second Class;TM-21010
CA-2015-119508;04.12.2015;09.12.2015;Standard Class;TZ-21580
CA-2015-152681;17.01.2015;22.01.2015;Standard Class;SC-20260
CA-2014-130813;06.01.2014;08.01.2014;Second Class;LS-17230
CA-2015-120320;05.03.2015;09.03.2015;Standard Class;MV-18190
CA-2016-111941;25.12.2016;28.12.2016;Second Class;BD-11620
CA-2016-123120;04.09.2016;08.09.2016;Standard Class;CV-12295
CA-2014-103331;26.08.2014;01.09.2014;Standard Class;KB-16315
CA-2015-169278;21.05.2015;25.05.2015;Standard Class;ME-18010
CA-2017-111577;16.10.2017;21.10.2017;Standard Class;AJ-10780
CA-2015-146486;09.11.2015;14.11.2015;Second Class;DV-13465
US-2014-168501;21.11.2014;27.11.2014;Standard Class;JK-15325
CA-2015-112053;11.10.2015;13.10.2015;Second Class;SH-20395
CA-2017-108539;21.03.2017;23.03.2017;Second Class;SC-20725
CA-2015-149811;04.01.2015;10.01.2015;Standard Class;CS-12250
US-2017-103814;09.12.2017;16.12.2017;Standard Class;LH-16900
CA-2016-123932;06.09.2016;12.09.2016;Standard Class;YC-21895
US-2016-101616;03.09.2016;06.09.2016;First Class;CY-12745
CA-2014-113768;13.05.2014;19.05.2014;Standard Class;AH-10030
CA-2016-138037;29.09.2016;03.10.2016;Standard Class;AR-10540
CA-2014-150490;05.08.2014;11.08.2014;Standard Class;SS-20590
US-2017-126060;14.04.2017;18.04.2017;Standard Class;DW-13585
CA-2017-100951;09.06.2017;10.06.2017;First Class;NC-18625
CA-2016-122017;29.12.2016;02.01.2017;Standard Class;CD-11920
CA-2014-123477;18.01.2014;21.01.2014;Second Class;DW-13195
CA-2016-107790;20.11.2016;24.11.2016;Standard Class;EH-13990
CA-2017-158071;10.06.2017;15.06.2017;Standard Class;BD-11320
CA-2017-147403;10.09.2017;13.09.2017;First Class;KH-16630
US-2017-136721;08.04.2017;12.04.2017;Standard Class;NH-18610
CA-2015-118738;24.10.2015;30.10.2015;Standard Class;AG-10495
CA-2017-134152;27.05.2017;31.05.2017;Standard Class;RP-19855
CA-2014-125542;05.12.2014;07.12.2014;First Class;NB-18655
CA-2016-136021;14.08.2016;18.08.2016;Standard Class;JM-15580
CA-2016-149195;05.09.2016;07.09.2016;Second Class;DM-13525
CA-2017-161410;26.06.2017;03.07.2017;Standard Class;CC-12220
CA-2017-152786;12.03.2017;17.03.2017;Standard Class;GA-14725
CA-2017-164707;18.02.2017;21.02.2017;Second Class;CV-12805
CA-2017-163874;10.11.2017;12.11.2017;Second Class;NC-18535
US-2014-123183;19.11.2014;25.11.2014;Standard Class;GR-14560
CA-2014-104829;18.11.2014;21.11.2014;Second Class;JG-15805
US-2016-147340;24.09.2016;24.09.2016;Same Day;EB-13750
CA-2016-145492;20.11.2016;27.11.2016;Standard Class;MC-17605
CA-2016-163202;27.09.2016;02.10.2016;Standard Class;BM-11650
CA-2016-117681;09.04.2016;14.04.2016;Standard Class;HF-14995
CA-2017-132262;21.09.2017;23.09.2017;First Class;ML-18265
CA-2017-123043;24.08.2017;29.08.2017;Standard Class;AH-10195
US-2016-143280;22.02.2016;26.02.2016;Standard Class;TZ-21580
CA-2017-108854;08.12.2017;14.12.2017;Standard Class;DM-13345
CA-2017-166856;18.09.2017;22.09.2017;Standard Class;TS-21505
CA-2016-153157;11.09.2016;14.09.2016;First Class;TB-21625
US-2017-125647;23.09.2017;28.09.2017;Standard Class;LC-16870
CA-2014-132542;06.10.2014;08.10.2014;Second Class;AM-10360
CA-2015-110877;23.10.2015;26.10.2015;First Class;JE-15715
US-2016-151827;31.03.2016;02.04.2016;Second Class;CS-11950
US-2016-163258;29.12.2016;02.01.2017;Standard Class;PF-19225
CA-2017-103009;03.11.2017;05.11.2017;Second Class;PJ-18835
US-2017-120649;20.01.2017;26.01.2017;Standard Class;JF-15490
CA-2016-153598;03.12.2016;06.12.2016;First Class;NM-18520
US-2016-108497;14.06.2016;14.06.2016;Same Day;MH-17290
CA-2016-113096;02.09.2016;04.09.2016;First Class;SZ-20035
CA-2014-136861;05.09.2014;07.09.2014;First Class;PR-18880
CA-2017-117422;21.10.2017;25.10.2017;Standard Class;FC-14245
CA-2017-129707;25.04.2017;29.04.2017;Standard Class;LH-16750
CA-2015-160171;19.10.2015;24.10.2015;Standard Class;RM-19675
CA-2014-103317;05.07.2014;08.07.2014;First Class;DM-13525
CA-2016-167115;04.04.2016;09.04.2016;Standard Class;EH-14185
US-2017-153633;13.11.2017;18.11.2017;Second Class;TC-21295
CA-2017-155929;09.09.2017;13.09.2017;Standard Class;AI-10855
CA-2015-148712;17.04.2015;23.04.2015;Standard Class;JM-15535
CA-2016-128307;25.07.2016;29.07.2016;Standard Class;BE-11335
US-2016-127425;26.08.2016;31.08.2016;Standard Class;DR-12880
US-2014-119081;12.09.2014;19.09.2014;Standard Class;TA-21385
CA-2016-140613;22.07.2016;29.07.2016;Standard Class;KN-16705
US-2017-108700;19.05.2017;23.05.2017;Standard Class;PJ-18835
CA-2017-160962;28.04.2017;02.05.2017;Standard Class;MC-17605
CA-2017-130631;29.12.2017;02.01.2018;Standard Class;BS-11755
CA-2017-116680;04.09.2017;06.09.2017;Second Class;PK-19075
US-2014-107405;21.03.2014;25.03.2014;Standard Class;TS-21205
CA-2017-101574;28.09.2017;04.10.2017;Standard Class;BD-11725
CA-2014-146591;19.01.2014;20.01.2014;First Class;TS-21340
CA-2014-107706;14.02.2014;19.02.2014;Second Class;ST-20530
CA-2016-122448;09.06.2016;14.06.2016;Standard Class;DB-13210
CA-2014-132451;26.09.2014;27.09.2014;First Class;KF-16285
CA-2016-158547;30.05.2016;04.06.2016;Standard Class;JM-16195
CA-2017-116946;19.12.2017;23.12.2017;Standard Class;TS-21505
CA-2017-121741;26.12.2017;26.12.2017;Same Day;YC-21895
CA-2017-169691;15.06.2017;18.06.2017;First Class;Dp-13240
CA-2016-121356;20.11.2016;24.11.2016;Standard Class;SJ-20500
CA-2014-101770;31.03.2014;04.04.2014;Standard Class;KB-16240
CA-2017-105487;08.10.2017;14.10.2017;Standard Class;CS-12250
CA-2017-148999;30.01.2017;04.02.2017;Standard Class;EB-13870
CA-2014-107573;12.12.2014;17.12.2014;Standard Class;PB-19150
CA-2015-156608;24.10.2015;29.10.2015;Standard Class;MT-18070
CA-2017-134495;01.04.2017;04.04.2017;Second Class;BF-11020
CA-2017-164098;26.01.2017;27.01.2017;First Class;CG-12520
CA-2014-105249;28.11.2014;28.11.2014;Same Day;DH-13675
CA-2015-113523;04.09.2015;08.09.2015;Standard Class;SC-20440
CA-2017-117821;12.06.2017;16.06.2017;Standard Class;HG-15025
CA-2017-164378;15.07.2017;18.07.2017;Second Class;MM-18055
CA-2017-127782;02.11.2017;06.11.2017;Standard Class;TH-21115
US-2016-162026;08.10.2016;08.10.2016;Same Day;JE-15745
CA-2016-150000;08.04.2016;14.04.2016;Standard Class;PG-18820
CA-2015-168529;08.10.2015;12.10.2015;Standard Class;MB-17305
US-2017-152569;15.05.2017;20.05.2017;Standard Class;JD-16015
US-2014-137680;24.02.2014;02.03.2014;Standard Class;JH-15430
CA-2015-103177;30.05.2015;01.06.2015;First Class;EN-13780
US-2016-138408;18.11.2016;21.11.2016;Second Class;KC-16255
CA-2017-117667;04.12.2017;09.12.2017;Standard Class;MS-17980
CA-2016-110982;05.06.2016;07.06.2016;First Class;CK-12205
CA-2016-147123;10.12.2016;12.12.2016;First Class;SJ-20125
CA-2017-154501;30.04.2017;05.05.2017;Standard Class;EA-14035
CA-2017-166933;24.04.2017;28.04.2017;Standard Class;MG-17890
CA-2015-142055;08.05.2015;10.05.2015;First Class;AB-10255
CA-2015-137106;31.03.2015;04.04.2015;Standard Class;SC-20260
CA-2017-136609;06.08.2017;11.08.2017;Standard Class;TB-21355
CA-2017-160885;02.12.2017;06.12.2017;Standard Class;JK-16090
US-2016-167472;06.06.2016;07.06.2016;First Class;CK-12595
CA-2015-120551;13.04.2015;20.04.2015;Standard Class;SS-20590
US-2017-150595;22.05.2017;26.05.2017;Standard Class;LE-16810
CA-2016-134936;19.12.2016;25.12.2016;Standard Class;ES-14080
CA-2017-102967;22.09.2017;26.09.2017;Standard Class;MG-17890
CA-2017-151008;07.09.2017;08.09.2017;First Class;JM-16195
CA-2014-159800;28.11.2014;01.12.2014;First Class;SG-20470
US-2014-159618;12.11.2014;16.11.2014;Standard Class;DB-12970
CA-2017-116113;02.10.2017;06.10.2017;Second Class;JW-15220
CA-2015-125066;14.12.2015;18.12.2015;Standard Class;KD-16495
US-2015-114741;06.12.2015;10.12.2015;Standard Class;IL-15100
CA-2017-133263;31.03.2017;02.04.2017;Second Class;JE-15610
CA-2017-157966;13.03.2017;13.03.2017;Same Day;SU-20665
CA-2014-151162;05.12.2014;09.12.2014;Standard Class;EA-14035
CA-2016-136686;12.12.2016;16.12.2016;Standard Class;RF-19840
CA-2017-137498;09.09.2017;14.09.2017;Second Class;LC-17050
CA-2017-163818;04.10.2017;08.10.2017;Standard Class;PS-18970
CA-2016-161158;09.05.2016;13.05.2016;Standard Class;PS-18970
CA-2014-116673;15.12.2014;19.12.2014;Second Class;JO-15280
CA-2017-105333;30.11.2017;04.12.2017;Standard Class;VP-21730
CA-2015-149993;19.03.2015;20.03.2015;First Class;GA-14725
CA-2014-168158;19.07.2014;24.07.2014;Standard Class;EM-14140
CA-2016-115224;08.12.2016;11.12.2016;Second Class;DB-13615
CA-2014-164742;13.10.2014;18.10.2014;Second Class;ML-17395
US-2017-108014;19.11.2017;25.11.2017;Standard Class;JH-15430
CA-2017-160325;24.09.2017;24.09.2017;Same Day;BP-11095
CA-2015-159779;25.09.2015;29.09.2015;Standard Class;SB-20185
CA-2017-151176;13.02.2017;20.02.2017;Standard Class;SV-20785
CA-2014-108903;03.10.2014;03.10.2014;Same Day;DO-13435
CA-2016-117919;27.08.2016;29.08.2016;Second Class;TB-21355
CA-2015-142475;03.12.2015;07.12.2015;Standard Class;BS-11380
CA-2016-134516;20.09.2016;25.09.2016;Standard Class;FM-14215
CA-2017-105193;25.03.2017;31.03.2017;Standard Class;JL-15835
CA-2015-168634;06.12.2015;11.12.2015;Standard Class;AF-10870
CA-2017-117198;31.08.2017;05.09.2017;Standard Class;BG-11035
CA-2015-145828;05.10.2015;07.10.2015;First Class;MB-17305
CA-2017-121027;18.08.2017;22.08.2017;Standard Class;HW-14935
CA-2016-147431;02.02.2016;07.02.2016;Standard Class;AB-10105
CA-2016-158001;23.08.2016;27.08.2016;Standard Class;JP-15460
CA-2017-125745;30.06.2017;04.07.2017;Standard Class;DV-13045
CA-2015-101154;18.09.2015;21.09.2015;First Class;CM-12190
US-2016-124163;25.09.2016;30.09.2016;Standard Class;SC-20695
CA-2016-121748;24.10.2016;28.10.2016;Second Class;VW-21775
CA-2014-126683;29.09.2014;01.10.2014;Second Class;PP-18955
CA-2017-148810;26.06.2017;01.07.2017;Standard Class;DR-12880
US-2016-146066;21.08.2016;23.08.2016;Second Class;RB-19465
CA-2014-127614;11.02.2014;15.02.2014;Standard Class;NF-18385
CA-2016-101742;23.09.2016;28.09.2016;Second Class;CR-12580
CA-2015-134943;05.12.2015;06.12.2015;First Class;SU-20665
CA-2017-123022;03.09.2017;08.09.2017;Standard Class;SC-20050
CA-2017-113208;26.03.2017;02.04.2017;Standard Class;ML-18040
CA-2014-154893;21.12.2014;27.12.2014;Standard Class;GM-14440
CA-2014-147900;23.09.2014;28.09.2014;Standard Class;JK-15640
CA-2017-106355;02.04.2017;05.04.2017;First Class;AT-10435
CA-2016-127985;01.04.2016;05.04.2016;Second Class;DB-12910
CA-2015-166604;15.05.2015;20.05.2015;Second Class;AH-10690
CA-2017-120719;23.03.2017;26.03.2017;First Class;SJ-20125
CA-2017-127117;14.04.2017;19.04.2017;Standard Class;HM-14860
CA-2015-104241;04.01.2015;09.01.2015;Standard Class;AG-10495
CA-2017-168179;02.11.2017;07.11.2017;Standard Class;JB-16000
CA-2017-142342;17.07.2017;19.07.2017;Second Class;AJ-10795
CA-2017-109099;06.10.2017;11.10.2017;Standard Class;MM-18280
US-2014-134187;04.11.2014;11.11.2014;Standard Class;TH-21235
CA-2016-145261;18.12.2016;21.12.2016;First Class;AH-10120
CA-2016-108875;24.09.2016;01.10.2016;Standard Class;CL-12700
CA-2016-141957;21.07.2016;21.07.2016;Same Day;JG-15310
CA-2016-142405;11.06.2016;15.06.2016;Standard Class;SE-20110
CA-2015-141012;09.06.2015;11.06.2015;Second Class;TG-21640
CA-2017-127922;27.10.2017;03.11.2017;Standard Class;SH-19975
CA-2016-146318;22.01.2016;27.01.2016;Standard Class;MC-17275
CA-2014-135993;28.05.2014;02.06.2014;Standard Class;PJ-18835
CA-2014-126802;29.12.2014;05.01.2015;Standard Class;ZC-21910
CA-2016-143924;28.07.2016;03.08.2016;Standard Class;SC-20680
CA-2016-141551;24.09.2016;30.09.2016;Standard Class;BP-11230
CA-2014-164315;02.04.2014;08.04.2014;Standard Class;RD-19585
CA-2015-131072;05.11.2015;05.11.2015;Same Day;KL-16645
CA-2014-131541;28.07.2014;28.07.2014;Same Day;CK-12205
CA-2015-119550;26.12.2015;31.12.2015;Standard Class;RB-19705
US-2015-138093;10.12.2015;16.12.2015;Standard Class;KM-16225
CA-2016-126165;05.05.2016;07.05.2016;Second Class;AH-10465
CA-2017-126123;14.10.2017;18.10.2017;Standard Class;AG-10765
CA-2016-143441;05.11.2016;05.11.2016;Same Day;EB-14170
CA-2017-148320;03.11.2017;08.11.2017;Standard Class;PG-18895
CA-2016-125661;24.11.2016;26.11.2016;First Class;CA-12055
US-2014-123519;14.12.2014;21.12.2014;Standard Class;SS-20875
CA-2014-155593;03.11.2014;08.11.2014;Standard Class;RP-19390
CA-2017-136000;22.09.2017;25.09.2017;Second Class;SC-20440
US-2015-160857;08.05.2015;15.05.2015;Standard Class;NW-18400
CA-2017-115805;31.07.2017;31.07.2017;Same Day;KW-16435
US-2014-143707;01.03.2014;05.03.2014;Standard Class;HR-14770
CA-2017-116939;25.09.2017;29.09.2017;Standard Class;AG-10900
CA-2015-124107;09.10.2015;12.10.2015;Second Class;BM-11650
CA-2017-126550;29.03.2017;02.04.2017;Second Class;RD-19720
CA-2015-138674;14.11.2015;17.11.2015;First Class;KB-16585
CA-2016-165820;26.09.2016;30.09.2016;Standard Class;DW-13585
CA-2014-103191;22.09.2014;27.09.2014;Standard Class;VG-21805
CA-2015-103933;25.09.2015;27.09.2015;First Class;DR-12880
CA-2015-110548;04.05.2015;08.05.2015;Standard Class;AH-10690
CA-2017-117324;08.12.2017;13.12.2017;Standard Class;JP-15520
CA-2017-143574;29.06.2017;02.07.2017;First Class;DR-12880
CA-2014-111773;29.06.2014;03.07.2014;Standard Class;JK-15625
CA-2014-148614;20.01.2014;25.01.2014;Standard Class;MV-17485
CA-2017-156139;31.12.2016;06.01.2017;Standard Class;BP-11155
US-2017-147886;28.03.2017;31.03.2017;First Class;DH-13075
CA-2016-113733;08.12.2016;12.12.2016;Standard Class;LH-16900
CA-2017-104913;18.11.2017;22.11.2017;Standard Class;DK-13090
CA-2014-145800;30.05.2014;05.06.2014;Standard Class;SS-20410
CA-2016-125850;22.01.2016;28.01.2016;Standard Class;FP-14320
CA-2016-118514;03.02.2016;10.02.2016;Standard Class;LC-17050
CA-2015-150749;29.03.2015;03.04.2015;Second Class;AS-10240
CA-2014-163748;14.10.2014;18.10.2014;Standard Class;HG-15025
CA-2015-119634;11.08.2015;16.08.2015;Standard Class;BW-11065
CA-2015-149300;22.11.2015;23.11.2015;First Class;BH-11710
US-2016-111528;30.12.2016;30.12.2016;Same Day;JP-16135
CA-2017-158169;12.08.2017;15.08.2017;First Class;JM-16195
CA-2015-162047;03.11.2015;05.11.2015;First Class;FH-14365
CA-2015-117772;10.09.2015;12.09.2015;Second Class;MC-17575
US-2014-126340;08.11.2014;14.11.2014;Standard Class;EB-13870
CA-2016-149685;08.10.2016;15.10.2016;Standard Class;PM-19135
CA-2017-126396;08.09.2017;12.09.2017;Second Class;AR-10345
CA-2015-154900;25.02.2015;01.03.2015;Standard Class;SS-20875
CA-2015-103835;24.09.2015;28.09.2015;Standard Class;SC-20440
CA-2015-158939;26.11.2015;01.12.2015;Standard Class;EA-14035
CA-2016-117408;31.08.2016;06.09.2016;Standard Class;TP-21130
CA-2016-142398;12.04.2016;16.04.2016;Standard Class;BP-11290
CA-2016-105277;04.12.2016;08.12.2016;Standard Class;LM-17065
CA-2016-112060;04.12.2016;09.12.2016;Standard Class;KT-16465
CA-2014-105270;11.11.2014;18.11.2014;Standard Class;AP-10915
US-2015-159513;02.04.2015;09.04.2015;Standard Class;JD-15790
CA-2015-155586;12.12.2015;16.12.2015;Second Class;XP-21865
CA-2017-141117;02.10.2017;08.10.2017;Standard Class;JK-16090
CA-2017-115070;10.04.2017;14.04.2017;Second Class;MG-18205
CA-2017-140186;29.09.2017;02.10.2017;First Class;PG-18820
CA-2014-124856;29.09.2014;03.10.2014;Second Class;LD-17005
CA-2014-166716;20.08.2014;25.08.2014;Second Class;CR-12730
CA-2014-123225;11.07.2014;14.07.2014;First Class;MN-17935
CA-2015-163440;22.03.2015;24.03.2015;First Class;RD-19900
US-2017-106796;12.05.2017;19.05.2017;Standard Class;JP-16135
CA-2017-113873;13.11.2017;19.11.2017;Standard Class;KE-16420
CA-2016-149783;04.09.2016;07.09.2016;Second Class;DL-13315
CA-2016-125017;06.02.2016;11.02.2016;Standard Class;KB-16240
US-2015-163279;22.03.2015;26.03.2015;Standard Class;JD-16150
CA-2015-150196;02.07.2015;03.07.2015;First Class;SR-20740
US-2015-106495;15.06.2015;17.06.2015;First Class;AC-10450
CA-2014-124730;26.11.2014;26.11.2014;Same Day;LS-17245
CA-2017-117632;12.05.2017;18.05.2017;Standard Class;CS-12175
CA-2014-115056;02.05.2014;02.05.2014;Same Day;AR-10510
CA-2017-161067;03.09.2017;06.09.2017;Second Class;KB-16405
CA-2016-122063;03.12.2016;07.12.2016;Standard Class;MM-17920
CA-2015-111206;18.07.2015;22.07.2015;Standard Class;RF-19735
CA-2016-142895;21.07.2016;26.07.2016;Standard Class;BP-11290
CA-2015-101868;09.06.2015;16.06.2015;Standard Class;MJ-17740
CA-2017-133207;27.11.2017;03.12.2017;Standard Class;DO-13645
CA-2015-132948;27.03.2015;03.04.2015;Standard Class;MV-17485
CA-2015-134992;22.09.2015;26.09.2015;Second Class;MG-17875
CA-2015-126725;17.11.2015;21.11.2015;Standard Class;BS-11665
CA-2015-121783;10.11.2015;14.11.2015;Standard Class;PO-19180
US-2014-138835;10.09.2014;14.09.2014;Standard Class;DA-13450
CA-2015-112214;05.08.2015;11.08.2015;Standard Class;AH-10690
US-2017-153255;03.09.2017;07.09.2017;Second Class;JK-15730
CA-2015-108119;01.11.2015;08.11.2015;Standard Class;MS-17530
CA-2015-157434;29.04.2015;04.05.2015;Second Class;JK-15640
CA-2016-101525;01.05.2016;04.05.2016;Second Class;CM-12235
US-2014-117968;05.08.2014;07.08.2014;Second Class;RS-19420
CA-2016-158211;04.01.2016;08.01.2016;Standard Class;BP-11185
CA-2016-152247;07.11.2016;12.11.2016;Standard Class;MA-17995
CA-2016-128223;14.06.2016;14.06.2016;Same Day;EB-13705
CA-2016-154235;24.09.2016;28.09.2016;Standard Class;RD-19900
CA-2017-129910;30.03.2017;03.04.2017;Standard Class;ME-17320
CA-2017-133095;04.06.2017;04.06.2017;Same Day;EH-14005
CA-2015-130554;07.04.2015;09.04.2015;First Class;FM-14290
CA-2014-152443;21.05.2014;26.05.2014;Standard Class;FG-14260
CA-2016-133319;05.09.2016;11.09.2016;Standard Class;MV-17485
CA-2016-133935;18.09.2016;22.09.2016;Standard Class;JW-15220
CA-2016-136301;13.03.2016;15.03.2016;Second Class;EH-13765
US-2014-109456;16.10.2014;17.10.2014;Same Day;LS-17245
CA-2017-151596;08.10.2017;11.10.2017;First Class;BP-11050
CA-2015-147879;07.05.2015;12.05.2015;Standard Class;CC-12220
CA-2016-166625;14.04.2016;17.04.2016;First Class;JM-15580
CA-2016-146157;21.11.2016;26.11.2016;Standard Class;RD-19720
CA-2017-159954;10.09.2017;14.09.2017;Standard Class;SS-20410
CA-2017-100825;09.09.2017;14.09.2017;Standard Class;KD-16495
CA-2014-168305;01.11.2014;08.11.2014;Standard Class;PL-18925
CA-2016-167682;03.04.2016;09.04.2016;Standard Class;ZD-21925
CA-2017-108000;12.01.2017;16.01.2017;Standard Class;LS-16945
CA-2015-146465;20.11.2015;24.11.2015;Standard Class;PB-18805
CA-2016-159639;27.11.2016;02.12.2016;Standard Class;PC-18745
US-2017-153948;06.11.2017;06.11.2017;Same Day;FM-14290
US-2016-113985;02.12.2016;07.12.2016;Standard Class;KD-16495
CA-2016-155383;17.12.2016;22.12.2016;Standard Class;SC-20680
CA-2014-120432;24.08.2014;26.08.2014;Second Class;DW-13585
US-2015-126977;17.09.2015;23.09.2015;Standard Class;PF-19120
CA-2016-130288;26.11.2016;30.11.2016;Second Class;DK-13225
CA-2017-146458;19.11.2017;22.11.2017;Second Class;RB-19435
CA-2017-150420;03.06.2017;08.06.2017;Standard Class;GD-14590
US-2014-118997;08.04.2014;12.04.2014;Standard Class;RA-19885
CA-2014-114314;11.10.2014;15.10.2014;Standard Class;DB-13555
US-2017-169551;07.07.2017;09.07.2017;First Class;RL-19615
CA-2016-103107;04.07.2016;04.07.2016;Same Day;RB-19465
CA-2017-122077;19.05.2017;25.05.2017;Standard Class;JF-15295
CA-2017-112431;12.10.2017;14.10.2017;Second Class;RW-19690
CA-2016-151092;06.08.2016;13.08.2016;Standard Class;VG-21790
CA-2014-104178;25.08.2014;29.08.2014;Standard Class;JM-15265
CA-2015-115924;14.09.2015;18.09.2015;Second Class;BE-11455
CA-2017-161046;05.03.2017;05.03.2017;Same Day;CB-12535
US-2017-141698;15.04.2017;21.04.2017;Standard Class;SD-20485
US-2014-105151;30.03.2014;31.03.2014;First Class;SG-20890
CA-2014-155796;11.11.2014;15.11.2014;Second Class;TS-21430
CA-2016-127138;12.03.2016;15.03.2016;Second Class;DK-13225
CA-2017-150602;09.02.2017;14.02.2017;Second Class;ML-17395
CA-2014-140732;11.11.2014;13.11.2014;Second Class;MA-17560
CA-2017-119011;20.08.2017;25.08.2017;Standard Class;LR-17035
CA-2016-166912;15.01.2016;17.01.2016;First Class;BE-11335
CA-2014-141726;20.07.2014;22.07.2014;First Class;CC-12145
CA-2017-115105;06.02.2017;11.02.2017;Standard Class;BD-11770
CA-2015-143980;25.12.2015;29.12.2015;Standard Class;JK-15640
CA-2016-135636;08.10.2016;13.10.2016;Standard Class;DB-13615
CA-2017-102155;13.07.2017;17.07.2017;Standard Class;RR-19525
CA-2017-116953;24.04.2017;25.04.2017;First Class;SV-20935
CA-2014-117765;07.09.2014;13.09.2014;Standard Class;RB-19465
CA-2016-114895;21.11.2016;28.11.2016;Standard Class;MV-18190
CA-2017-112984;16.09.2017;18.09.2017;Second Class;EH-14185
CA-2016-163776;19.07.2016;25.07.2016;Standard Class;JS-16030
US-2017-163300;15.09.2017;21.09.2017;Standard Class;ES-14020
CA-2016-162187;11.12.2016;11.12.2016;Same Day;NS-18640
US-2014-112991;10.12.2014;14.12.2014;Standard Class;SH-19975
CA-2014-124079;13.12.2014;17.12.2014;Standard Class;RF-19345
US-2017-146878;21.09.2017;27.09.2017;Standard Class;DL-12865
CA-2017-107244;07.09.2017;11.09.2017;Standard Class;AG-10390
CA-2015-100657;02.11.2015;07.11.2015;Standard Class;SW-20245
CA-2017-129581;11.12.2017;18.12.2017;Standard Class;KN-16390
CA-2017-129028;01.04.2017;03.04.2017;First Class;GB-14530
CA-2015-135580;30.12.2015;03.01.2016;Standard Class;CL-12565
CA-2016-159016;10.03.2016;11.03.2016;First Class;KF-16285
CA-2014-102652;06.04.2014;12.04.2014;Standard Class;AY-10555
CA-2014-152422;05.10.2014;10.10.2014;Second Class;BD-11635
US-2016-156692;13.08.2016;13.08.2016;Same Day;HG-15025
CA-2014-130869;17.11.2014;21.11.2014;Standard Class;CB-12025
US-2017-128832;24.04.2017;27.04.2017;First Class;LS-16945
CA-2017-139717;24.08.2017;26.08.2017;Second Class;DM-13015
CA-2017-136007;23.02.2017;02.03.2017;Standard Class;AC-10615
CA-2016-157364;19.11.2016;21.11.2016;First Class;LT-17110
US-2016-112970;14.11.2016;15.11.2016;First Class;TB-21250
US-2017-152492;06.07.2017;06.07.2017;Same Day;AH-10585
CA-2016-101168;25.12.2016;01.01.2017;Standard Class;SS-20140
CA-2017-104010;23.04.2017;25.04.2017;First Class;TD-20995
CA-2015-130253;14.12.2015;18.12.2015;Standard Class;PP-18955
US-2015-155369;19.04.2015;25.04.2015;Standard Class;PG-18820
CA-2016-131205;04.09.2016;08.09.2016;Standard Class;AA-10645
CA-2017-122364;24.09.2017;29.09.2017;Standard Class;FA-14230
CA-2016-117912;04.02.2016;08.02.2016;Standard Class;TB-21520
CA-2017-145702;19.05.2017;24.05.2017;Second Class;AH-10075
CA-2015-113215;03.09.2015;08.09.2015;Standard Class;CP-12085
CA-2016-154662;09.06.2016;16.06.2016;Standard Class;BF-11215
CA-2015-105571;07.11.2015;11.11.2015;Standard Class;CP-12340
CA-2016-152765;15.06.2016;18.06.2016;First Class;LS-17245
CA-2015-153878;25.04.2015;30.04.2015;Standard Class;TS-21655
CA-2016-124016;23.09.2016;26.09.2016;Second Class;JS-15940
CA-2016-113551;18.08.2016;20.08.2016;First Class;NF-18385
CA-2014-107524;02.03.2014;08.03.2014;Standard Class;KN-16705
CA-2014-138072;30.12.2014;03.01.2015;Standard Class;GA-14725
CA-2015-134201;10.04.2015;16.04.2015;Standard Class;EH-14125
CA-2015-111780;25.12.2015;30.12.2015;Second Class;RA-19285
CA-2015-119942;05.04.2015;07.04.2015;First Class;TT-21070
CA-2015-151547;17.01.2015;23.01.2015;Standard Class;AH-10465
CA-2017-166695;20.05.2017;24.05.2017;Standard Class;CC-12430
CA-2017-167542;13.08.2017;20.08.2017;Standard Class;KD-16495
CA-2015-120901;31.12.2015;04.01.2016;Standard Class;BG-11035
CA-2017-121398;25.12.2017;29.12.2017;Standard Class;FH-14365
CA-2016-151561;01.09.2016;07.09.2016;Standard Class;PG-18820
CA-2017-154676;05.08.2017;08.08.2017;First Class;NZ-18565
US-2014-165589;18.02.2014;18.02.2014;Same Day;TB-21595
US-2016-132577;22.11.2016;27.11.2016;Standard Class;JE-15475
CA-2015-114048;14.12.2015;18.12.2015;Standard Class;EH-13945
CA-2015-137281;13.06.2015;17.06.2015;Standard Class;BF-10975
US-2017-162068;28.12.2017;31.12.2017;Second Class;PC-18745
CA-2017-100111;20.09.2017;26.09.2017;Standard Class;SV-20365
US-2017-132381;22.08.2017;24.08.2017;First Class;Dp-13240
CA-2015-147011;18.06.2015;22.06.2015;Standard Class;HR-14830
CA-2014-120852;20.12.2014;25.12.2014;Standard Class;WB-21850
CA-2016-150007;11.09.2016;16.09.2016;Standard Class;AS-10090
CA-2016-124590;12.11.2016;16.11.2016;Standard Class;SP-20920
CA-2016-133802;14.03.2016;20.03.2016;Standard Class;SP-20650
US-2016-113677;13.11.2016;19.11.2016;Standard Class;CM-12655
CA-2017-143378;19.09.2017;25.09.2017;Standard Class;JR-16210
CA-2017-152660;04.12.2017;09.12.2017;Standard Class;CB-12415
CA-2015-142139;31.08.2015;05.09.2015;Standard Class;SD-20485
CA-2017-145772;03.06.2017;07.06.2017;Standard Class;SS-20140
CA-2016-124100;31.03.2016;06.04.2016;Standard Class;EH-13990
US-2014-158400;25.10.2014;28.10.2014;First Class;AH-10030
CA-2017-162033;26.03.2017;02.04.2017;Standard Class;EM-14200
CA-2014-163447;27.12.2014;31.12.2014;Standard Class;TB-21190
CA-2017-145737;15.09.2017;20.09.2017;Standard Class;AB-10165
CA-2016-148096;16.08.2016;19.08.2016;First Class;AO-10810
CA-2016-146766;04.11.2016;04.11.2016;Same Day;TT-21220
CA-2015-105613;18.10.2015;22.10.2015;Standard Class;KN-16705
US-2016-142251;31.10.2016;04.11.2016;Second Class;FO-14305
CA-2014-131247;30.03.2014;04.04.2014;Standard Class;GA-14725
US-2015-113593;18.04.2015;20.04.2015;First Class;NC-18415
CA-2017-121083;09.07.2017;15.07.2017;Standard Class;JF-15190
CA-2017-151190;27.06.2017;01.07.2017;Standard Class;GT-14710
CA-2014-133543;22.12.2014;26.12.2014;Standard Class;KM-16660
CA-2017-105130;21.11.2017;25.11.2017;Standard Class;PJ-18835
CA-2016-161928;27.06.2016;29.06.2016;Second Class;AC-10660
CA-2017-101322;28.12.2017;31.12.2017;First Class;JG-15310
US-2016-106600;08.04.2016;11.04.2016;First Class;RM-19375
CA-2014-111871;18.03.2014;21.03.2014;Second Class;EK-13795
CA-2017-139437;03.07.2017;08.07.2017;Standard Class;RD-19585
CA-2017-151484;20.04.2017;23.04.2017;First Class;CV-12805
CA-2016-104150;03.08.2016;05.08.2016;Second Class;AG-10330
CA-2016-161025;03.12.2016;09.12.2016;Standard Class;GM-14440
CA-2014-103989;19.03.2014;21.03.2014;First Class;MC-17605
CA-2015-142433;20.04.2015;25.04.2015;Standard Class;ES-14020
CA-2015-132815;19.09.2015;22.09.2015;Second Class;RW-19540
CA-2014-101266;27.08.2014;30.08.2014;Second Class;MM-17920
CA-2016-141523;19.12.2016;24.12.2016;Second Class;MH-17440
US-2014-106299;02.08.2014;08.08.2014;Standard Class;NZ-18565
CA-2015-158421;21.09.2015;26.09.2015;Standard Class;GB-14575
CA-2016-143609;11.12.2016;13.12.2016;First Class;DB-13270
CA-2015-138331;07.08.2015;12.08.2015;Standard Class;JK-15625
CA-2015-138954;15.11.2015;17.11.2015;First Class;MH-17785
CA-2017-157903;04.04.2017;08.04.2017;Standard Class;AM-10705
CA-2016-157259;24.12.2016;28.12.2016;Standard Class;JM-15535
CA-2017-107986;13.12.2017;13.12.2017;Same Day;MW-18220
CA-2017-104927;22.12.2017;26.12.2017;Standard Class;AG-10330
CA-2017-113453;21.10.2017;28.10.2017;Standard Class;CM-12160
CA-2015-149909;13.11.2015;17.11.2015;Standard Class;RA-19915
CA-2015-146675;16.04.2015;20.04.2015;Standard Class;SB-20185
CA-2016-118332;16.12.2016;23.12.2016;Standard Class;PK-19075
CA-2016-133669;21.10.2016;27.10.2016;Standard Class;SV-20935
CA-2017-145660;01.12.2017;03.12.2017;First Class;MG-17650
CA-2016-133697;20.10.2016;24.10.2016;Second Class;CM-12445
CA-2017-148138;29.09.2017;03.10.2017;Standard Class;ME-18010
CA-2017-119809;18.08.2017;25.08.2017;Standard Class;YS-21880
CA-2017-149944;12.11.2017;16.11.2017;Second Class;MB-17305
CA-2014-128538;11.10.2014;15.10.2014;Standard Class;AS-10240
CA-2015-161711;28.11.2015;03.12.2015;Standard Class;MC-17425
US-2015-129553;27.07.2015;02.08.2015;Standard Class;PG-18820
CA-2016-160220;20.10.2016;26.10.2016;Standard Class;JS-16030
US-2017-157224;14.09.2017;18.09.2017;Second Class;JB-16000
CA-2017-140627;23.12.2017;27.12.2017;Standard Class;DK-12985
CA-2015-133445;05.10.2015;09.10.2015;Standard Class;JF-15490
CA-2014-148782;02.11.2014;07.11.2014;Standard Class;PO-18850
CA-2016-148208;22.01.2016;27.01.2016;Standard Class;BT-11530
CA-2017-127656;11.07.2017;17.07.2017;Standard Class;NW-18400
US-2017-142188;11.09.2017;11.09.2017;Same Day;JF-15415
CA-2016-144400;23.02.2016;27.02.2016;Standard Class;AC-10420
US-2016-155180;22.01.2016;29.01.2016;Standard Class;TB-21280
CA-2015-134075;12.12.2015;16.12.2015;Standard Class;HA-14905
US-2016-131912;29.10.2016;01.11.2016;Second Class;LH-17155
CA-2017-141572;28.05.2017;31.05.2017;Second Class;LO-17170
CA-2014-134621;21.12.2014;28.12.2014;Standard Class;DP-13390
CA-2016-165561;24.11.2016;28.11.2016;Standard Class;CR-12580
CA-2015-112305;20.11.2015;25.11.2015;Standard Class;KB-16405
CA-2017-121580;29.05.2017;04.06.2017;Standard Class;ML-17410
CA-2014-101147;02.12.2014;04.12.2014;First Class;MC-17575
CA-2014-165806;07.04.2014;07.04.2014;Same Day;VM-21685
CA-2015-151624;08.09.2015;14.09.2015;Standard Class;VW-21775
CA-2017-139444;09.09.2017;15.09.2017;Standard Class;GK-14620
CA-2015-133977;06.09.2015;08.09.2015;Second Class;AT-10435
CA-2017-141425;02.11.2017;06.11.2017;Second Class;AR-10825
CA-2015-133536;28.03.2015;30.03.2015;Second Class;JH-15820
CA-2015-150441;13.08.2015;17.08.2015;Second Class;RA-19285
CA-2015-162607;12.05.2015;18.05.2015;Standard Class;RO-19780
CA-2017-103506;23.07.2017;27.07.2017;Standard Class;LR-17035
CA-2016-132479;24.09.2016;26.09.2016;First Class;MK-17905
CA-2017-160724;05.05.2017;10.05.2017;Standard Class;YS-21880
US-2016-115952;06.10.2016;06.10.2016;Same Day;JH-15910
CA-2014-146731;03.11.2014;08.11.2014;Standard Class;AT-10735
CA-2015-115392;01.10.2015;04.10.2015;Second Class;RM-19675
CA-2017-102379;02.12.2017;06.12.2017;Standard Class;BB-11545
CA-2017-149706;11.12.2017;12.12.2017;First Class;AS-10285
US-2016-139087;17.07.2016;22.07.2016;Second Class;DK-13375
CA-2017-152226;12.05.2017;16.05.2017;Standard Class;JH-15910
CA-2015-116484;20.11.2015;26.11.2015;Standard Class;JK-15205
CA-2016-100944;24.09.2016;28.09.2016;Standard Class;EH-13765
CA-2016-125080;21.10.2016;26.10.2016;Standard Class;VW-21775
CA-2016-121020;24.10.2016;31.10.2016;Standard Class;CG-12040
CA-2014-100090;08.07.2014;12.07.2014;Standard Class;EB-13705
US-2015-139675;13.03.2015;18.03.2015;Second Class;NF-18595
CA-2017-143756;02.12.2017;05.12.2017;First Class;ME-17725
CA-2015-151253;22.04.2015;26.04.2015;Standard Class;AZ-10750
CA-2014-141152;16.09.2014;19.09.2014;First Class;RF-19345
CA-2014-141313;28.12.2014;01.01.2015;Standard Class;AJ-10780
CA-2014-169852;21.10.2014;26.10.2014;Standard Class;SF-20965
CA-2017-107314;30.11.2017;03.12.2017;First Class;MZ-17335
US-2014-161305;06.06.2014;12.06.2014;Standard Class;SB-20170
CA-2017-166919;23.11.2017;27.11.2017;Standard Class;AH-10210
CA-2017-162712;18.06.2017;20.06.2017;Second Class;NK-18490
CA-2017-107552;05.05.2017;05.05.2017;Same Day;AI-10855
CA-2016-163328;04.11.2016;06.11.2016;Second Class;TP-21565
CA-2014-112837;11.09.2014;16.09.2014;Standard Class;LW-17125
CA-2017-120019;16.02.2017;21.02.2017;Standard Class;NG-18355
CA-2014-100762;24.11.2014;29.11.2014;Standard Class;NG-18355
CA-2017-161459;25.11.2017;29.11.2017;Second Class;EB-13750
CA-2017-160017;28.09.2017;02.10.2017;Standard Class;SP-20860
CA-2014-123316;13.10.2014;17.10.2014;Standard Class;SP-20545
CA-2014-141299;03.06.2014;07.06.2014;Second Class;RB-19795
CA-2014-104402;17.06.2014;23.06.2014;Standard Class;DB-13660
CA-2015-110289;29.10.2015;02.11.2015;Standard Class;NB-18655
CA-2014-167927;20.01.2014;26.01.2014;Standard Class;XP-21865
CA-2014-133305;11.07.2014;15.07.2014;Standard Class;MH-17455
CA-2016-165995;30.08.2016;06.09.2016;Standard Class;BG-11740
CA-2017-143112;05.10.2017;09.10.2017;Standard Class;TS-21370
US-2017-105830;31.12.2016;02.01.2017;First Class;DB-13660
CA-2015-146255;07.03.2015;10.03.2015;First Class;EM-14140
CA-2017-104822;20.10.2017;20.10.2017;Same Day;RB-19465
CA-2015-104486;01.05.2015;06.05.2015;Standard Class;PO-18850
CA-2017-161557;03.09.2017;08.09.2017;Standard Class;AG-10900
CA-2017-161130;03.11.2017;08.11.2017;Standard Class;BF-11275
US-2015-161347;13.09.2015;19.09.2015;Standard Class;HG-14845
US-2015-109015;06.09.2015;12.09.2015;Standard Class;BS-11590
CA-2014-110611;06.10.2014;13.10.2014;Standard Class;JD-16015
CA-2017-139080;23.01.2017;28.01.2017;Standard Class;CS-12250
CA-2015-115693;10.12.2015;15.12.2015;Standard Class;FC-14245
US-2014-107993;25.11.2014;30.11.2014;Standard Class;SE-20110
CA-2017-110443;21.11.2017;25.11.2017;Standard Class;CK-12205
CA-2017-144848;04.04.2017;05.04.2017;First Class;DS-13030
US-2017-147998;19.05.2017;24.05.2017;Standard Class;SA-20830
CA-2016-103919;03.10.2016;07.10.2016;Standard Class;TP-21565
CA-2016-113425;21.11.2016;21.11.2016;Same Day;JK-16120
CA-2017-143035;03.10.2017;05.10.2017;Second Class;CC-12430
CA-2014-107811;29.04.2014;03.05.2014;Standard Class;LA-16780
CA-2016-163216;07.10.2016;10.10.2016;First Class;AW-10930
US-2016-116442;15.12.2016;22.12.2016;Standard Class;BP-11230
CA-2017-150623;10.04.2017;14.04.2017;Standard Class;DB-13360
US-2014-163797;08.04.2014;13.04.2014;Standard Class;PC-19000
CA-2016-127236;29.03.2016;02.04.2016;Standard Class;TB-21595
US-2017-104661;15.01.2017;18.01.2017;First Class;TB-21250
CA-2014-134103;30.01.2014;04.02.2014;Standard Class;MV-18190
CA-2015-147529;07.02.2015;11.02.2015;Standard Class;DK-12835
CA-2016-129126;14.12.2016;19.12.2016;Standard Class;PK-19075
CA-2017-131632;31.10.2017;04.11.2017;Standard Class;AH-10120
CA-2017-151981;06.08.2017;12.08.2017;Standard Class;GM-14455
CA-2017-125472;30.05.2017;31.05.2017;First Class;BD-11725
CA-2015-156328;30.11.2015;05.12.2015;Standard Class;RM-19375
CA-2017-154074;31.08.2017;02.09.2017;Second Class;BW-11110
CA-2017-161774;14.05.2017;15.05.2017;First Class;GT-14710
CA-2017-151211;17.08.2017;23.08.2017;Standard Class;AH-10120
CA-2017-142671;10.11.2017;14.11.2017;Second Class;DR-12940
CA-2017-144750;21.08.2017;21.08.2017;Same Day;DL-13495
CA-2016-111976;08.03.2016;12.03.2016;Standard Class;BD-11620
CA-2016-140130;31.10.2016;05.11.2016;Standard Class;HW-14935
CA-2014-159121;26.07.2014;01.08.2014;Standard Class;JO-15145
CA-2015-149650;24.10.2015;27.10.2015;First Class;RD-19660
CA-2017-115777;19.08.2017;24.08.2017;Standard Class;DO-13645
CA-2016-143714;23.05.2016;27.05.2016;Standard Class;CC-12370
CA-2014-165764;03.11.2014;07.11.2014;Standard Class;SH-20395
CA-2015-121405;30.03.2015;04.04.2015;Standard Class;FC-14335
US-2017-116897;27.05.2017;29.05.2017;First Class;JG-15160
US-2017-113992;14.12.2017;19.12.2017;Standard Class;LC-16885
CA-2014-166891;04.10.2014;06.10.2014;First Class;CC-12220
CA-2016-101161;13.10.2016;20.10.2016;Standard Class;BW-11110
CA-2015-151785;05.03.2015;10.03.2015;Standard Class;JJ-15445
US-2017-119816;04.03.2017;06.03.2017;Second Class;TT-21460
CA-2015-156510;25.09.2015;29.09.2015;Standard Class;EH-13990
US-2015-110261;19.12.2015;23.12.2015;Second Class;PR-18880
CA-2015-125710;08.10.2015;13.10.2015;Standard Class;BT-11680
CA-2017-161102;31.07.2017;03.08.2017;First Class;EC-14050
CA-2014-110065;05.08.2014;11.08.2014;Standard Class;SP-20650
US-2017-133361;14.05.2017;17.05.2017;First Class;AJ-10780
US-2016-155404;22.09.2016;28.09.2016;Standard Class;AS-10630
CA-2015-114503;13.11.2015;17.11.2015;Standard Class;AA-10375
CA-2017-153080;22.05.2017;25.05.2017;Second Class;EH-13945
CA-2016-163804;02.12.2016;08.12.2016;Standard Class;DB-13270
CA-2015-108532;29.08.2015;02.09.2015;Standard Class;CC-12100
CA-2014-151897;06.06.2014;10.06.2014;Standard Class;VT-21700
CA-2016-113292;18.03.2016;20.03.2016;Second Class;DB-13060
CA-2014-149524;14.01.2014;15.01.2014;First Class;BS-11590
CA-2017-140872;03.06.2017;10.06.2017;Standard Class;NR-18550
CA-2017-113908;03.06.2017;09.06.2017;Standard Class;KN-16390
CA-2015-120621;21.03.2015;26.03.2015;Standard Class;JW-16075
US-2017-148866;19.09.2017;24.09.2017;Standard Class;JM-15535
CA-2014-149594;15.09.2014;19.09.2014;Standard Class;MF-18250
CA-2016-113845;20.11.2016;25.11.2016;Standard Class;FA-14230
CA-2017-111262;28.10.2017;01.11.2017;Second Class;KH-16510
CA-2015-103135;24.07.2015;28.07.2015;Standard Class;SS-20515
CA-2014-129147;02.11.2014;06.11.2014;Standard Class;LC-17050
CA-2017-128265;17.11.2017;22.11.2017;Second Class;VW-21775
CA-2016-152331;26.06.2016;30.06.2016;Standard Class;LD-16855
US-2016-128909;09.10.2016;11.10.2016;Second Class;SP-20545
CA-2017-102197;20.12.2017;26.12.2017;Standard Class;DK-13150
CA-2017-167640;06.03.2017;10.03.2017;Standard Class;FC-14245
US-2017-116652;15.09.2017;19.09.2017;Standard Class;RD-19480
CA-2017-138289;16.01.2017;18.01.2017;Second Class;AR-10540
CA-2016-129308;07.07.2016;13.07.2016;Standard Class;CC-12100
CA-2016-157791;23.12.2016;28.12.2016;Second Class;CA-11965
CA-2014-146864;22.12.2014;26.12.2014;Standard Class;BT-11530
CA-2014-103744;23.02.2014;27.02.2014;Standard Class;MG-17875
US-2017-107384;04.12.2017;08.12.2017;Standard Class;TP-21130
CA-2014-128209;17.11.2014;22.11.2014;Standard Class;GT-14710
CA-2014-169684;20.10.2014;23.10.2014;First Class;FH-14365
CA-2015-109862;25.10.2015;30.10.2015;Standard Class;HK-14890
US-2017-107888;16.11.2017;19.11.2017;First Class;CC-12220
US-2017-154872;14.05.2017;18.05.2017;Standard Class;DP-13000
CA-2014-113880;01.03.2014;05.03.2014;Standard Class;VF-21715
US-2015-164966;30.07.2015;01.08.2015;First Class;GH-14410
CA-2015-126739;01.11.2015;03.11.2015;Second Class;JH-16180
CA-2017-161578;16.12.2017;21.12.2017;Second Class;RB-19465
CA-2014-137092;20.10.2014;22.10.2014;Second Class;LS-16975
CA-2015-166947;05.06.2015;10.06.2015;Standard Class;EB-13750
CA-2016-160941;21.07.2016;26.07.2016;Standard Class;DK-12835
CA-2017-144680;31.03.2017;02.04.2017;First Class;SC-20260
CA-2014-166086;07.05.2014;12.05.2014;Standard Class;CT-11995
CA-2017-131282;05.02.2017;08.02.2017;Second Class;CB-12025
CA-2014-100678;18.04.2014;22.04.2014;Standard Class;KM-16720
CA-2016-161543;10.05.2016;16.05.2016;Standard Class;RD-19720
CA-2016-160535;25.11.2016;30.11.2016;Standard Class;BP-11050
CA-2017-123085;03.03.2017;08.03.2017;Standard Class;EJ-13720
CA-2015-153752;06.12.2015;11.12.2015;Second Class;RO-19780
CA-2014-103660;25.08.2014;30.08.2014;Standard Class;MW-18220
CA-2016-169887;22.10.2016;22.10.2016;Same Day;MS-17530
CA-2016-148516;07.08.2016;11.08.2016;Standard Class;DW-13585
CA-2017-104731;21.07.2017;27.07.2017;Standard Class;AM-10705
CA-2014-164749;23.03.2014;26.03.2014;First Class;BG-11740
CA-2015-103716;30.04.2015;06.05.2015;Standard Class;KB-16585
CA-2016-126795;13.06.2016;16.06.2016;Second Class;GT-14710
CA-2015-146290;04.05.2015;11.05.2015;Standard Class;SV-20815
CA-2017-157112;23.04.2017;26.04.2017;First Class;GG-14650
CA-2014-169257;06.06.2014;12.06.2014;Standard Class;SV-20785
CA-2014-154095;02.12.2014;07.12.2014;Standard Class;ON-18715
CA-2017-146346;17.06.2017;20.06.2017;First Class;RA-19945
CA-2016-148852;26.05.2016;31.05.2016;Standard Class;SV-20785
US-2015-118906;10.03.2015;10.03.2015;Same Day;KB-16585
CA-2016-168921;20.10.2016;22.10.2016;First Class;AG-10495
CA-2015-107678;21.04.2015;28.04.2015;Standard Class;JK-16090
CA-2016-123512;17.06.2016;19.06.2016;First Class;MV-18190
US-2017-167402;13.01.2017;18.01.2017;Second Class;CP-12085
CA-2014-130449;06.09.2014;09.09.2014;First Class;VP-21760
CA-2015-141250;19.01.2015;23.01.2015;Standard Class;PM-18940
CA-2014-145541;14.12.2014;21.12.2014;Standard Class;TB-21400
CA-2014-138513;23.05.2014;27.05.2014;Standard Class;EH-13990
CA-2015-135489;19.09.2015;22.09.2015;Second Class;GW-14605
CA-2015-125696;02.10.2015;06.10.2015;Standard Class;NP-18685
CA-2016-105081;25.12.2016;30.12.2016;Standard Class;JE-15715
US-2016-146857;06.05.2016;08.05.2016;Second Class;BE-11455
CA-2016-166275;24.10.2016;24.10.2016;Same Day;SS-20590
CA-2017-144498;06.05.2017;06.05.2017;Same Day;MB-18085
CA-2017-103352;27.11.2017;30.11.2017;Second Class;RP-19390
CA-2014-108609;31.10.2014;02.11.2014;Second Class;AJ-10780
CA-2017-128328;05.08.2017;09.08.2017;Standard Class;PO-18865
US-2015-156496;10.08.2015;16.08.2015;Standard Class;WB-21850
US-2016-127334;15.12.2016;21.12.2016;Standard Class;MP-18175
US-2017-124779;08.09.2017;11.09.2017;First Class;BF-11020
CA-2017-135937;20.02.2017;27.02.2017;Standard Class;KM-16375
CA-2015-129322;08.08.2015;10.08.2015;Second Class;DB-13405
CA-2017-162173;26.10.2017;01.11.2017;Standard Class;OT-18730
CA-2016-115483;14.07.2016;18.07.2016;Second Class;JS-15880
CA-2017-122175;12.05.2017;14.05.2017;Second Class;CA-12775
CA-2017-161088;25.05.2017;29.05.2017;Standard Class;MH-18115
CA-2014-154837;23.08.2014;27.08.2014;Second Class;RB-19645
CA-2015-153794;11.09.2015;16.09.2015;Standard Class;SB-20290
CA-2015-135510;05.09.2015;12.09.2015;Standard Class;TW-21025
CA-2015-109337;21.11.2015;23.11.2015;Second Class;DL-13330
CA-2014-150329;10.10.2014;14.10.2014;Standard Class;SD-20485
CA-2017-145037;02.09.2017;07.09.2017;Second Class;TB-21055
CA-2017-154466;01.01.2017;02.01.2017;First Class;DP-13390
CA-2014-109134;05.11.2014;10.11.2014;Standard Class;DE-13255
US-2015-129637;17.12.2015;22.12.2015;Standard Class;MC-18100
CA-2015-165162;14.05.2015;21.05.2015;Standard Class;HG-15025
CA-2017-140494;10.03.2017;15.03.2017;Second Class;CM-11815
CA-2017-104108;02.12.2017;09.12.2017;Standard Class;RP-19855
US-2017-165869;31.07.2017;05.08.2017;Standard Class;LS-17200
CA-2017-160899;11.08.2017;13.08.2017;Second Class;DR-12940
CA-2017-144225;30.09.2017;02.10.2017;Second Class;CC-12475
US-2016-163538;26.08.2016;30.08.2016;Standard Class;SS-20515
US-2016-155103;02.12.2016;07.12.2016;Standard Class;JF-15190
CA-2017-145429;21.07.2017;25.07.2017;Standard Class;SW-20455
CA-2015-153535;20.05.2015;24.05.2015;Standard Class;SG-20470
CA-2015-139164;23.06.2015;28.06.2015;Standard Class;CS-12355
CA-2016-112277;10.09.2016;15.09.2016;Standard Class;SC-20695
CA-2014-167724;13.04.2014;18.04.2014;Standard Class;BF-11170
CA-2015-123141;14.11.2015;19.11.2015;Standard Class;GZ-14470
CA-2016-149503;09.12.2016;12.12.2016;First Class;SP-20650
CA-2017-163069;18.08.2017;21.08.2017;Second Class;PJ-19015
CA-2017-107629;14.12.2017;14.12.2017;Same Day;DB-13060
CA-2016-134789;08.04.2016;15.04.2016;Standard Class;CK-12325
CA-2016-130442;16.12.2016;19.12.2016;First Class;SF-20065
CA-2017-102974;19.09.2017;24.09.2017;Standard Class;DP-13105
US-2017-166394;04.09.2017;06.09.2017;Second Class;VM-21835
CA-2016-128811;12.09.2016;16.09.2016;Standard Class;SF-20200
CA-2017-145443;10.08.2017;15.08.2017;Second Class;SC-20695
CA-2016-165827;04.11.2016;09.11.2016;Standard Class;MF-17665
CA-2015-156734;18.06.2015;20.06.2015;First Class;BV-11245
CA-2014-120096;04.07.2014;07.07.2014;First Class;KE-16420
CA-2015-141754;20.12.2015;25.12.2015;Standard Class;EM-14200
CA-2016-123358;10.04.2016;17.04.2016;Standard Class;BT-11680
CA-2014-144029;26.05.2014;31.05.2014;Standard Class;MM-18055
US-2017-101784;06.07.2017;11.07.2017;Standard Class;PO-18850
CA-2015-156923;16.02.2015;20.02.2015;Standard Class;SP-20860
CA-2017-111269;16.06.2017;18.06.2017;Second Class;CS-12355
CA-2017-159156;13.11.2017;16.11.2017;First Class;KB-16600
CA-2017-100230;11.12.2017;15.12.2017;Standard Class;AA-10375
CA-2016-154767;28.06.2016;30.06.2016;Second Class;BP-11155
CA-2017-124205;15.09.2017;19.09.2017;Standard Class;TC-21145
CA-2017-165715;02.12.2017;08.12.2017;Standard Class;BG-11035
CA-2017-100636;26.06.2017;30.06.2017;Standard Class;DO-13435
CA-2016-162943;24.07.2016;26.07.2016;Second Class;DB-12970
CA-2016-144764;02.09.2016;08.09.2016;Standard Class;RL-19615
CA-2017-100615;20.04.2017;24.04.2017;Standard Class;SJ-20215
CA-2014-109302;12.08.2014;16.08.2014;Standard Class;CS-12175
CA-2017-139787;19.09.2017;23.09.2017;Standard Class;JP-16135
CA-2017-139402;09.12.2017;13.12.2017;Standard Class;NC-18535
CA-2016-119018;04.11.2016;08.11.2016;Standard Class;CW-11905
CA-2015-105361;29.03.2015;04.04.2015;Standard Class;CM-12115
US-2016-152373;05.09.2016;11.09.2016;Standard Class;PT-19090
US-2017-166037;28.01.2017;01.02.2017;Standard Class;CL-12700
US-2016-147711;03.09.2016;08.09.2016;Second Class;HF-14995
CA-2017-121293;25.07.2017;28.07.2017;Second Class;JC-15775
CA-2015-118843;13.09.2015;20.09.2015;Standard Class;JH-15910
CA-2015-161445;07.09.2015;09.09.2015;Second Class;CC-12610
CA-2016-124527;16.11.2016;17.11.2016;First Class;IM-15055
CA-2016-162348;10.11.2016;15.11.2016;Standard Class;BF-11170
CA-2014-141005;15.08.2014;18.08.2014;First Class;CS-12355
CA-2015-145394;16.11.2015;20.11.2015;Standard Class;MC-17605
CA-2015-168809;25.08.2015;25.08.2015;Same Day;MC-18100
CA-2016-109827;25.12.2016;01.01.2017;Standard Class;LW-16825
CA-2014-152233;05.10.2014;06.10.2014;First Class;KH-16510
CA-2014-125682;22.11.2014;25.11.2014;First Class;RB-19645
CA-2017-162880;25.12.2017;29.12.2017;Standard Class;GD-14590
CA-2015-128125;31.03.2015;05.04.2015;Standard Class;EB-13705
CA-2017-156237;14.09.2017;15.09.2017;First Class;PS-18760
CA-2014-144414;17.06.2014;21.06.2014;Standard Class;GH-14425
CA-2017-163860;28.12.2017;01.01.2018;Standard Class;LO-17170
US-2017-115609;02.11.2017;07.11.2017;Standard Class;CS-12505
CA-2015-154291;25.07.2015;29.07.2015;Standard Class;YS-21880
CA-2016-118689;02.10.2016;09.10.2016;Standard Class;TC-20980
CA-2016-140438;24.12.2016;27.12.2016;Second Class;PW-19030
US-2017-123204;21.07.2017;27.07.2017;Standard Class;CS-11860
CA-2015-112522;10.10.2015;17.10.2015;Standard Class;DP-13165
CA-2016-153101;08.09.2016;08.09.2016;Same Day;PJ-19015
CA-2016-142615;20.11.2016;24.11.2016;Standard Class;BM-11575
CA-2017-142643;15.10.2017;20.10.2017;Standard Class;DL-13495
CA-2015-116260;06.07.2015;12.07.2015;Standard Class;BF-10975
CA-2017-107517;05.02.2017;09.02.2017;Standard Class;FC-14335
CA-2015-166338;06.12.2015;07.12.2015;First Class;MP-18175
CA-2016-123946;12.09.2016;17.09.2016;Standard Class;AJ-10795
CA-2014-147543;06.07.2014;12.07.2014;Standard Class;BC-11125
US-2016-159093;09.05.2016;14.05.2016;Standard Class;RS-19420
CA-2016-162110;18.07.2016;22.07.2016;Standard Class;NP-18670
US-2016-163461;18.06.2016;21.06.2016;First Class;BT-11440
CA-2014-101462;20.04.2014;25.04.2014;Standard Class;BP-11230
US-2016-100461;08.01.2016;12.01.2016;Standard Class;JO-15145
US-2017-162670;23.12.2017;28.12.2017;Second Class;MF-18250
CA-2017-128965;17.04.2017;22.04.2017;Standard Class;PS-18760
CA-2017-138618;01.12.2017;08.12.2017;Standard Class;MY-17380
US-2016-126452;21.08.2016;28.08.2016;Standard Class;SC-20230
CA-2016-145009;05.12.2016;08.12.2016;Second Class;RF-19345
CA-2015-162544;16.12.2015;19.12.2015;First Class;SG-20080
CA-2014-124394;17.10.2014;22.10.2014;Second Class;TB-21520
US-2016-121013;05.09.2016;10.09.2016;Standard Class;MM-17920
US-2015-123918;15.10.2015;15.10.2015;Same Day;CG-12520
CA-2015-137113;01.12.2015;05.12.2015;Second Class;TW-21025
CA-2015-120677;31.05.2015;04.06.2015;Standard Class;BD-11320
CA-2017-123036;10.09.2017;17.09.2017;Standard Class;HA-14905
CA-2017-120222;25.04.2017;02.05.2017;Standard Class;LL-16840
CA-2017-164756;18.09.2017;22.09.2017;Standard Class;SS-20140
CA-2017-122028;18.08.2017;25.08.2017;Standard Class;CK-12205
US-2015-165512;24.05.2015;26.05.2015;Second Class;VS-21820
CA-2015-140557;07.09.2015;11.09.2015;Standard Class;TN-21040
US-2017-135013;24.07.2017;24.07.2017;Same Day;HR-14830
CA-2017-111220;02.09.2017;08.09.2017;Standard Class;JS-15595
US-2017-149006;06.12.2017;08.12.2017;Second Class;BN-11470
CA-2017-149468;20.05.2017;20.05.2017;Same Day;AR-10405
CA-2016-140249;27.09.2016;03.10.2016;Standard Class;SW-20455
US-2017-135503;10.12.2017;15.12.2017;Standard Class;JE-16165
CA-2014-126277;13.09.2014;18.09.2014;Second Class;LH-16900
US-2017-115301;29.07.2017;02.08.2017;Standard Class;VG-21790
CA-2017-168942;01.08.2017;05.08.2017;Second Class;EM-13960
US-2017-128398;02.05.2017;05.05.2017;Second Class;EM-13825
CA-2015-104115;12.06.2015;16.06.2015;Standard Class;JH-15910
CA-2014-142510;22.12.2014;29.12.2014;Standard Class;NP-18700
CA-2014-124247;16.12.2014;21.12.2014;Standard Class;SH-20635
CA-2016-105473;16.04.2016;18.04.2016;Second Class;BM-11785
CA-2015-102806;21.05.2015;28.05.2015;Standard Class;HG-14965
CA-2017-121706;26.02.2017;02.03.2017;Standard Class;BM-11140
CA-2017-109211;04.04.2017;10.04.2017;Standard Class;PS-19045
CA-2015-134257;16.03.2015;19.03.2015;Second Class;MS-17710
CA-2015-137925;30.11.2015;04.12.2015;Standard Class;JL-15235
CA-2016-140046;28.07.2016;03.08.2016;Standard Class;KM-16660
CA-2016-140382;23.06.2016;25.06.2016;Second Class;RD-19900
CA-2014-164182;14.07.2014;18.07.2014;Standard Class;ST-20530
CA-2017-137365;30.11.2017;03.12.2017;Second Class;BP-11095
CA-2016-129847;02.09.2016;04.09.2016;First Class;TA-21385
CA-2014-126963;15.06.2014;15.06.2014;Same Day;PS-18760
CA-2016-125094;05.11.2016;09.11.2016;Standard Class;NP-18700
CA-2017-107132;26.06.2017;30.06.2017;Standard Class;SC-20260
CA-2015-139248;25.07.2015;30.07.2015;Standard Class;RD-19930
CA-2014-148369;23.09.2014;27.09.2014;Standard Class;TH-21115
CA-2016-106243;30.09.2016;04.10.2016;Standard Class;GM-14680
CA-2015-126466;09.11.2015;13.11.2015;Standard Class;JO-15550
CA-2015-130365;25.04.2015;29.04.2015;Standard Class;ZC-21910
CA-2017-143021;19.11.2017;19.11.2017;Same Day;AP-10720
CA-2015-161767;20.11.2015;24.11.2015;Standard Class;GK-14620
CA-2015-129917;02.10.2015;03.10.2015;First Class;HM-14980
CA-2015-115420;25.04.2015;02.05.2015;Standard Class;LS-16945
CA-2016-157588;14.07.2016;19.07.2016;Standard Class;AR-10570
CA-2015-167255;27.09.2015;29.09.2015;Second Class;RH-19510
CA-2017-162096;10.11.2017;10.11.2017;Same Day;TB-21190
CA-2016-157161;16.07.2016;20.07.2016;Second Class;JD-15895
CA-2015-110765;16.10.2015;20.10.2015;Second Class;MP-17965
CA-2016-163937;10.01.2016;13.01.2016;Second Class;JB-16000
CA-2017-153822;19.09.2017;25.09.2017;Standard Class;AB-10105
CA-2017-146185;15.09.2017;19.09.2017;Standard Class;CC-12145
CA-2015-112144;28.06.2015;02.07.2015;Standard Class;CY-12745
US-2016-119298;25.11.2016;28.11.2016;First Class;EP-13915
CA-2017-155159;25.11.2017;29.11.2017;Second Class;DL-13315
CA-2017-149076;14.01.2017;19.01.2017;Standard Class;SO-20335
CA-2014-146990;07.11.2014;08.11.2014;First Class;BP-11095
CA-2016-116526;01.09.2016;05.09.2016;Standard Class;JA-15970
CA-2017-158561;11.11.2017;16.11.2017;Second Class;BB-11545
CA-2017-165099;11.12.2017;13.12.2017;First Class;DK-13375
CA-2015-109386;08.11.2015;13.11.2015;Second Class;RH-19600
CA-2015-166800;19.11.2015;26.11.2015;Standard Class;AG-10300
CA-2017-117443;23.12.2017;25.12.2017;Second Class;JB-15400
US-2016-134369;16.09.2016;22.09.2016;Standard Class;BC-11125
CA-2017-123687;26.05.2017;29.05.2017;First Class;KC-16675
CA-2015-104871;30.03.2015;03.04.2015;Standard Class;DR-12940
CA-2014-133158;19.08.2014;21.08.2014;Second Class;DW-13195
CA-2014-126333;23.12.2014;28.12.2014;Standard Class;ME-18010
CA-2015-141740;01.11.2015;05.11.2015;Standard Class;JF-15490
CA-2014-119466;15.12.2014;21.12.2014;Standard Class;SP-20860
CA-2015-154823;21.08.2015;25.08.2015;Standard Class;KN-16390
US-2014-135881;23.05.2014;27.05.2014;Standard Class;GT-14710
CA-2017-141201;09.12.2017;11.12.2017;Second Class;DB-12910
CA-2014-114790;11.03.2014;13.03.2014;Second Class;FM-14215
US-2016-154256;23.06.2016;27.06.2016;Second Class;SM-20005
CA-2014-124737;23.08.2014;27.08.2014;Standard Class;AP-10915
US-2017-101840;06.02.2017;12.02.2017;Standard Class;SP-20545
CA-2017-131653;29.01.2017;05.02.2017;Standard Class;RD-19585
US-2016-157840;20.12.2016;23.12.2016;Second Class;MC-17575
CA-2016-145548;11.11.2016;16.11.2016;Standard Class;EB-13750
CA-2017-119494;09.11.2017;13.11.2017;Standard Class;JE-15610
CA-2014-124618;02.05.2014;04.05.2014;Second Class;CS-11860
CA-2017-161970;22.09.2017;27.09.2017;Standard Class;PB-19105
CA-2017-103443;17.12.2017;23.12.2017;Standard Class;AT-10735
US-2017-165358;18.07.2017;23.07.2017;Standard Class;SV-20365
CA-2016-160136;03.11.2016;09.11.2016;Standard Class;PJ-18835
CA-2014-150581;08.04.2014;12.04.2014;Standard Class;NM-18445
CA-2016-119515;14.08.2016;16.08.2016;First Class;TR-21325
CA-2014-141355;25.09.2014;30.09.2014;Standard Class;BF-11005
CA-2016-165330;11.12.2016;11.12.2016;Same Day;WB-21850
CA-2015-132633;03.02.2015;05.02.2015;Second Class;KH-16630
CA-2016-157742;29.12.2016;31.12.2016;Second Class;KL-16645
CA-2017-127712;31.08.2017;05.09.2017;Standard Class;MG-17890
CA-2017-169474;04.02.2017;09.02.2017;Standard Class;JF-15355
CA-2014-106726;06.12.2014;08.12.2014;First Class;RS-19765
CA-2016-147473;30.05.2016;03.06.2016;Standard Class;NL-18310
CA-2016-114209;21.05.2016;26.05.2016;Standard Class;AS-10285
CA-2014-141901;09.08.2014;14.08.2014;Standard Class;GM-14500
CA-2016-164490;05.09.2016;10.09.2016;Second Class;SU-20665
CA-2016-112256;23.07.2016;28.07.2016;Standard Class;CK-12205
CA-2016-167416;12.05.2016;17.05.2016;Standard Class;JM-15580
CA-2016-106950;02.09.2016;06.09.2016;Standard Class;JE-15715
CA-2017-118724;21.07.2017;25.07.2017;Second Class;AR-10825
CA-2017-112004;25.09.2017;28.09.2017;First Class;AH-10075
US-2017-143175;03.08.2017;06.08.2017;Second Class;GA-14515
CA-2015-105844;25.10.2015;27.10.2015;Second Class;JF-15415
CA-2017-118864;15.06.2017;19.06.2017;Second Class;KH-16690
CA-2015-119480;09.01.2015;13.01.2015;Standard Class;CC-12685
US-2015-153374;09.02.2015;13.02.2015;Second Class;JF-15565
CA-2016-101980;19.08.2016;20.08.2016;First Class;RP-19390
CA-2017-144596;06.11.2017;10.11.2017;Standard Class;CD-11980
CA-2015-124933;26.12.2015;30.12.2015;Second Class;DF-13135
CA-2014-159625;23.11.2014;28.11.2014;Standard Class;SM-20005
CA-2016-144337;01.08.2016;05.08.2016;Second Class;SG-20890
CA-2014-117478;21.09.2014;24.09.2014;First Class;LH-16750
CA-2017-147410;04.09.2017;08.09.2017;Standard Class;EJ-14155
CA-2017-128944;19.06.2017;21.06.2017;Second Class;KH-16330
CA-2016-109666;19.04.2016;26.04.2016;Standard Class;KM-16720
US-2016-102239;05.05.2016;06.05.2016;First Class;LW-16990
CA-2014-143168;18.10.2014;23.10.2014;Second Class;IG-15085
CA-2017-104906;13.02.2017;17.02.2017;Standard Class;JP-15460
CA-2017-118122;17.11.2017;24.11.2017;Standard Class;GG-14650
US-2014-147774;20.01.2014;26.01.2014;Standard Class;MM-18280
CA-2017-166926;01.12.2017;08.12.2017;Standard Class;SO-20335
CA-2015-128013;09.08.2015;16.08.2015;Standard Class;MF-18250
CA-2016-123176;27.09.2016;29.09.2016;Second Class;JG-15160
US-2016-117541;14.11.2016;20.11.2016;Standard Class;JM-16195
CA-2016-166282;16.04.2016;22.04.2016;Standard Class;PK-19075
CA-2017-141439;26.11.2017;01.12.2017;Standard Class;TT-21460
CA-2015-163965;20.11.2015;27.11.2015;Standard Class;SS-20875
CA-2017-128783;07.09.2017;07.09.2017;Same Day;TG-21640
CA-2014-122217;24.11.2014;29.11.2014;Standard Class;HP-14815
US-2017-141558;11.03.2017;16.03.2017;Standard Class;MH-17290
CA-2016-139941;12.06.2016;17.06.2016;Standard Class;CB-12415
CA-2015-166583;26.06.2015;30.06.2015;Standard Class;VD-21670
CA-2017-100412;22.12.2017;26.12.2017;Standard Class;SR-20425
CA-2017-142909;22.12.2017;25.12.2017;Second Class;AG-10330
CA-2014-137911;09.10.2014;15.10.2014;Standard Class;BP-11095
CA-2015-106208;10.12.2015;15.12.2015;Standard Class;JW-16075
US-2015-136749;25.12.2015;27.12.2015;Second Class;LH-16900
CA-2017-126718;29.04.2017;04.05.2017;Standard Class;KT-16480
CA-2016-131380;28.03.2016;31.03.2016;Second Class;CC-12220
CA-2015-145835;13.05.2015;18.05.2015;Second Class;BF-11170
CA-2014-138709;04.07.2014;09.07.2014;Standard Class;MS-17770
CA-2014-122070;22.04.2014;24.04.2014;Second Class;AH-10030
CA-2016-158610;19.09.2016;22.09.2016;First Class;CK-12595
CA-2014-117464;22.07.2014;24.07.2014;Second Class;NP-18325
US-2017-168613;08.10.2017;14.10.2017;Standard Class;GM-14440
CA-2017-125381;25.04.2017;27.04.2017;Second Class;SG-20605
US-2017-141677;26.03.2017;30.03.2017;Standard Class;HK-14890
CA-2017-133067;04.05.2017;10.05.2017;Standard Class;MY-18295
US-2016-144351;14.11.2016;18.11.2016;Standard Class;RC-19960
CA-2014-106054;06.01.2014;07.01.2014;First Class;JO-15145
CA-2016-138667;27.12.2016;30.12.2016;Second Class;MW-18220
CA-2017-150609;30.04.2017;04.05.2017;Standard Class;NZ-18565
CA-2017-128853;21.04.2017;23.04.2017;First Class;JM-15250
CA-2017-133102;17.08.2017;24.08.2017;Standard Class;ED-13885
CA-2016-164399;12.11.2016;15.11.2016;First Class;DW-13480
CA-2016-116918;01.10.2016;06.10.2016;Second Class;JK-15205
CA-2016-110492;12.02.2016;14.02.2016;First Class;JS-15880
CA-2016-147683;13.11.2016;17.11.2016;Standard Class;PO-19180
CA-2014-116785;26.04.2014;30.04.2014;Standard Class;MH-17290
US-2015-156797;11.08.2015;15.08.2015;Standard Class;PO-19180
CA-2016-104276;27.11.2016;03.12.2016;Standard Class;HF-14995
CA-2016-120369;28.10.2016;28.10.2016;Same Day;VB-21745
CA-2014-118276;29.12.2014;02.01.2015;Standard Class;MG-17890
CA-2015-136658;10.09.2015;17.09.2015;Standard Class;BO-11425
CA-2017-137414;02.10.2017;06.10.2017;Standard Class;CM-12115
CA-2016-143476;11.09.2016;13.09.2016;First Class;LC-16930
US-2016-119046;02.06.2016;06.06.2016;Standard Class;EH-13765
CA-2017-154949;15.10.2017;19.10.2017;Standard Class;MC-17275
CA-2015-103072;27.09.2015;30.09.2015;Second Class;HW-14935
CA-2015-150770;03.05.2015;06.05.2015;First Class;LC-16870
CA-2017-154760;09.01.2017;13.01.2017;Standard Class;BP-11290
US-2017-104437;27.01.2017;31.01.2017;Standard Class;TG-21310
CA-2017-113075;02.09.2017;06.09.2017;Standard Class;MC-18100
CA-2016-109953;14.07.2016;18.07.2016;Standard Class;RB-19360
CA-2017-127397;24.02.2017;28.02.2017;Standard Class;ES-14080
CA-2014-157546;20.07.2014;22.07.2014;First Class;RD-19720
CA-2017-153843;13.03.2017;15.03.2017;First Class;SC-20380
CA-2016-137337;08.03.2016;12.03.2016;Standard Class;GB-14575
CA-2014-138737;07.12.2014;10.12.2014;First Class;FP-14320
CA-2016-164924;10.07.2016;10.07.2016;Same Day;EA-14035
CA-2016-101651;24.12.2016;30.12.2016;Standard Class;SC-20305
CA-2017-136651;23.04.2017;25.04.2017;Second Class;JF-15355
CA-2017-118892;17.08.2017;22.08.2017;Second Class;TP-21415
US-2017-151127;22.05.2017;25.05.2017;First Class;RL-19615
CA-2017-145807;09.02.2017;13.02.2017;Standard Class;SB-20170
US-2014-127978;03.03.2014;08.03.2014;Standard Class;JS-15595
CA-2015-158491;04.06.2015;09.06.2015;Second Class;BP-11155
CA-2016-116764;27.08.2016;02.09.2016;Standard Class;EM-13825
CA-2016-152457;12.09.2016;18.09.2016;Standard Class;SC-20695
CA-2016-152730;30.05.2016;04.06.2016;Standard Class;EM-14140
CA-2017-137001;10.06.2017;13.06.2017;Second Class;GZ-14545
CA-2017-156363;22.10.2017;28.10.2017;Standard Class;ML-17395
CA-2017-122056;13.06.2017;17.06.2017;Standard Class;PG-18895
US-2014-143721;23.11.2014;26.11.2014;Second Class;DK-12835
CA-2017-122987;16.08.2017;16.08.2017;Same Day;SJ-20215
CA-2016-133368;14.01.2016;20.01.2016;Standard Class;AG-10675
CA-2016-123337;16.09.2016;22.09.2016;Standard Class;KD-16495
US-2016-150357;10.10.2016;14.10.2016;Standard Class;EB-13975
CA-2015-144519;13.11.2015;17.11.2015;Standard Class;AW-10930
CA-2014-120670;02.11.2014;06.11.2014;Standard Class;JK-16120
CA-2016-157217;19.07.2016;21.07.2016;First Class;TC-21535
CA-2016-108224;14.05.2016;14.05.2016;Same Day;TH-21235
CA-2015-162782;21.02.2015;27.02.2015;Standard Class;PW-19240
CA-2017-159282;16.10.2017;21.10.2017;Standard Class;GH-14410
CA-2017-155936;22.06.2017;29.06.2017;Standard Class;JK-15730
CA-2017-169439;09.09.2017;13.09.2017;Standard Class;LC-17140
CA-2017-151183;14.10.2017;19.10.2017;Standard Class;BK-11260
CA-2016-149965;20.06.2016;25.06.2016;Standard Class;BS-11365
CA-2014-158281;02.09.2014;07.09.2014;Standard Class;AG-10525
CA-2016-153661;30.01.2016;31.01.2016;First Class;SC-20725
CA-2017-109183;04.12.2017;09.12.2017;Standard Class;LR-16915
CA-2016-113656;23.01.2016;29.01.2016;Standard Class;CB-12415
CA-2015-148964;26.05.2015;31.05.2015;Standard Class;RD-19900
CA-2014-111899;04.05.2014;05.05.2014;First Class;NC-18340
CA-2015-101126;10.02.2015;14.02.2015;Second Class;NB-18655
CA-2014-163468;18.11.2014;21.11.2014;First Class;JK-15730
US-2017-117450;04.09.2017;08.09.2017;Standard Class;DO-13645
CA-2014-137274;29.03.2014;02.04.2014;Standard Class;MG-18145
CA-2016-144092;05.11.2016;07.11.2016;Second Class;LH-17155
CA-2017-112172;10.06.2017;14.06.2017;Second Class;MM-18280
CA-2015-121699;10.08.2015;14.08.2015;Standard Class;BD-11320
CA-2015-162761;09.10.2015;13.10.2015;Standard Class;SC-20575
CA-2016-121377;28.05.2016;02.06.2016;Standard Class;TN-21040
CA-2017-115322;11.05.2017;16.05.2017;Second Class;ZC-21910
CA-2016-132066;16.10.2016;20.10.2016;Standard Class;NB-18655
CA-2017-158120;17.11.2017;21.11.2017;Standard Class;KH-16330
CA-2017-100097;26.11.2017;29.11.2017;Second Class;MN-17935
CA-2017-167626;03.09.2017;07.09.2017;Standard Class;MY-18295
US-2017-126053;05.12.2017;08.12.2017;First Class;CS-11950
US-2017-128447;10.11.2017;17.11.2017;Standard Class;MC-17845
US-2014-131275;18.03.2014;24.03.2014;Standard Class;SC-20050
CA-2016-149349;12.11.2016;13.11.2016;First Class;SP-20650
CA-2017-115119;26.10.2017;30.10.2017;Standard Class;SC-20440
CA-2015-125563;11.04.2015;17.04.2015;Standard Class;PR-18880
CA-2015-113152;25.12.2015;30.12.2015;Standard Class;JK-15625
CA-2017-165155;21.09.2017;23.09.2017;First Class;BM-11575
CA-2014-163412;20.12.2014;23.12.2014;Second Class;SM-20950
CA-2015-159590;18.07.2015;21.07.2015;First Class;KC-16255
CA-2014-116190;26.07.2014;01.08.2014;Standard Class;SG-20470
CA-2014-168473;26.12.2014;01.01.2015;Standard Class;TB-21520
CA-2017-168389;11.12.2017;17.12.2017;Standard Class;DV-13045
CA-2014-130421;03.03.2014;07.03.2014;Standard Class;SC-20020
CA-2017-142125;21.10.2017;27.10.2017;Standard Class;JB-15400
CA-2017-141138;10.11.2017;16.11.2017;Standard Class;GH-14425
CA-2017-152135;16.03.2017;18.03.2017;Second Class;MG-17650
CA-2016-151974;22.09.2016;29.09.2016;Standard Class;RD-19660
CA-2017-154102;06.02.2017;13.02.2017;Standard Class;SN-20560
CA-2015-139780;31.12.2015;02.01.2016;Second Class;AH-10690
CA-2016-114748;09.10.2016;14.10.2016;Standard Class;MZ-17335
US-2014-115189;30.12.2014;03.01.2015;Second Class;AR-10345
CA-2016-163594;12.04.2016;14.04.2016;First Class;JF-15295
CA-2016-127243;28.11.2016;04.12.2016;Standard Class;DS-13180
CA-2017-161851;15.04.2017;17.04.2017;First Class;BP-11095
CA-2015-110345;09.03.2015;11.03.2015;Second Class;TG-21310
CA-2014-107769;28.10.2014;01.11.2014;Standard Class;BT-11395
US-2017-123862;07.01.2017;09.01.2017;Second Class;JF-15190
CA-2017-100580;13.08.2017;20.08.2017;Standard Class;MK-17905
US-2017-145597;02.11.2017;05.11.2017;First Class;GG-14650
CA-2014-132787;19.09.2014;23.09.2014;Standard Class;MC-18130
CA-2015-136224;31.05.2015;31.05.2015;Same Day;ML-18265
CA-2016-105732;13.09.2016;18.09.2016;Standard Class;AG-10270
CA-2017-108035;29.11.2017;03.12.2017;Standard Class;TT-21070
CA-2017-160031;04.12.2017;07.12.2017;Second Class;LT-16765
CA-2017-147844;02.05.2017;06.05.2017;Standard Class;DD-13570
CA-2016-110975;25.12.2016;30.12.2016;Standard Class;DB-12970
CA-2014-141649;30.09.2014;30.09.2014;Same Day;DM-12955
CA-2014-124807;12.07.2014;15.07.2014;Second Class;ME-17725
CA-2016-110009;08.09.2016;13.09.2016;Standard Class;TR-21325
CA-2017-168172;06.08.2017;10.08.2017;Standard Class;SH-20395
CA-2015-100146;14.05.2015;19.05.2015;Standard Class;CB-12535
CA-2017-152079;20.01.2017;21.01.2017;First Class;ML-17410
CA-2016-129728;30.05.2016;06.06.2016;Standard Class;JG-15310
CA-2014-121769;08.04.2014;12.04.2014;Standard Class;JS-15880
CA-2014-103058;23.07.2014;24.07.2014;First Class;AG-10270
CA-2017-121125;30.05.2017;03.06.2017;Standard Class;MG-17890
US-2016-114013;13.03.2016;15.03.2016;Second Class;SC-20770
CA-2017-135069;10.04.2017;14.04.2017;Standard Class;BS-11755
CA-2016-101693;25.06.2016;27.06.2016;Second Class;LC-17140
US-2014-164763;17.03.2014;21.03.2014;Standard Class;MH-17440
CA-2014-161249;09.08.2014;13.08.2014;Standard Class;RD-19720
CA-2015-148180;26.07.2015;31.07.2015;Standard Class;BP-11095
CA-2014-165568;15.02.2014;19.02.2014;Standard Class;BF-11020
CA-2015-145457;24.03.2015;27.03.2015;Second Class;CP-12085
US-2017-163657;02.09.2017;06.09.2017;Standard Class;JL-15235
CA-2015-120446;16.11.2015;18.11.2015;First Class;JG-15805
CA-2014-109932;09.12.2014;11.12.2014;First Class;VP-21760
CA-2017-127474;03.02.2017;07.02.2017;Second Class;RD-19810
CA-2017-115448;11.11.2017;14.11.2017;First Class;MH-18025
CA-2017-105669;17.09.2017;22.09.2017;Second Class;SJ-20125
CA-2017-134796;25.06.2017;01.07.2017;Standard Class;FM-14380
CA-2016-137743;30.07.2016;04.08.2016;Standard Class;KH-16360
CA-2015-137974;16.04.2015;18.04.2015;First Class;LL-16840
US-2015-136987;11.04.2015;14.04.2015;Second Class;AR-10540
CA-2015-138485;27.02.2015;01.03.2015;Second Class;NP-18670
CA-2016-103709;08.09.2016;15.09.2016;Standard Class;LP-17095
CA-2016-138282;19.05.2016;23.05.2016;Standard Class;AH-10690
CA-2017-148985;11.11.2017;15.11.2017;Second Class;TB-21190
CA-2014-138100;15.09.2014;20.09.2014;Standard Class;AA-10315
CA-2015-100734;15.09.2015;20.09.2015;Standard Class;AC-10615
CA-2016-139997;01.07.2016;03.07.2016;First Class;EM-14140
CA-2016-109652;10.04.2016;15.04.2016;Standard Class;QJ-19255
CA-2014-167199;06.01.2014;10.01.2014;Standard Class;ME-17320
CA-2016-124583;01.09.2016;03.09.2016;Second Class;LB-16795
CA-2014-113964;23.09.2014;30.09.2014;Standard Class;JP-16135
CA-2014-129938;15.12.2014;17.12.2014;Second Class;EB-13705
CA-2017-135111;28.12.2017;02.01.2018;Standard Class;CS-12400
US-2015-134558;19.12.2015;24.12.2015;Second Class;PM-19135
CA-2017-157196;05.11.2017;09.11.2017;Standard Class;AA-10645
CA-2015-108672;10.09.2015;16.09.2015;Standard Class;FA-14230
US-2017-118598;16.11.2017;16.11.2017;Same Day;CM-12190
US-2017-160836;11.09.2017;16.09.2017;Standard Class;CC-12475
CA-2017-121048;14.07.2017;18.07.2017;Standard Class;TC-21295
US-2017-120147;30.03.2017;30.03.2017;Same Day;TB-21400
CA-2016-158043;31.01.2016;04.02.2016;Second Class;JK-15325
US-2017-106579;08.06.2017;13.06.2017;Standard Class;BW-11200
CA-2014-115889;02.11.2014;06.11.2014;Standard Class;SH-20395
US-2017-161935;14.07.2017;18.07.2017;Standard Class;JL-15835
US-2017-167920;09.12.2017;12.12.2017;Second Class;JL-15835
CA-2016-162383;05.09.2016;11.09.2016;Standard Class;MD-17350
CA-2014-125731;10.09.2014;16.09.2014;Standard Class;CL-12565
US-2017-106145;26.09.2017;26.09.2017;Same Day;RA-19885
CA-2016-107146;17.06.2016;19.06.2016;First Class;LC-16885
US-2017-134642;25.02.2017;01.03.2017;Standard Class;SW-20245
US-2017-160143;31.03.2017;07.04.2017;Standard Class;HG-14965
CA-2017-103415;03.12.2017;08.12.2017;Standard Class;MV-17485
CA-2016-106460;19.02.2016;22.02.2016;Second Class;GT-14710
US-2017-112347;02.12.2017;06.12.2017;Standard Class;BS-11380
CA-2014-103492;10.10.2014;15.10.2014;Standard Class;CM-12715
CA-2016-136595;05.09.2016;07.09.2016;First Class;EM-13825
CA-2014-140396;20.11.2014;25.11.2014;Standard Class;KH-16330
CA-2014-114181;10.05.2014;14.05.2014;Second Class;AF-10885
CA-2017-159506;27.11.2017;02.12.2017;Standard Class;JR-16210
US-2014-137155;01.11.2014;05.11.2014;Standard Class;DL-12925
CA-2016-105746;30.12.2016;01.01.2017;First Class;BD-11605
US-2016-104815;03.09.2016;07.09.2016;Standard Class;RB-19570
CA-2017-157672;05.10.2017;07.10.2017;First Class;RB-19795
US-2016-166660;30.01.2016;01.02.2016;Second Class;TB-21250
CA-2017-140802;21.04.2017;23.04.2017;First Class;KN-16390
CA-2014-133830;05.12.2014;10.12.2014;Standard Class;RL-19615
CA-2014-100916;21.10.2014;26.10.2014;Standard Class;FH-14275
CA-2015-129532;08.12.2015;12.12.2015;Standard Class;YS-21880
CA-2014-134726;02.11.2014;07.11.2014;Second Class;SW-20755
CA-2016-138597;18.12.2016;21.12.2016;First Class;PN-18775
CA-2015-123113;23.11.2015;27.11.2015;Second Class;AT-10735
CA-2015-169656;13.08.2015;16.08.2015;First Class;EJ-13720
CA-2015-142734;16.04.2015;21.04.2015;Standard Class;DM-13345
CA-2014-163223;21.03.2014;25.03.2014;Standard Class;KH-16690
CA-2017-122945;16.11.2017;22.11.2017;Standard Class;MB-18085
CA-2015-139738;25.09.2015;29.09.2015;Standard Class;DK-12895
CA-2016-158778;05.09.2016;09.09.2016;Standard Class;DB-13210
CA-2017-119655;20.04.2017;24.04.2017;Standard Class;CV-12295
CA-2015-164567;15.06.2015;19.06.2015;Standard Class;GK-14620
CA-2014-131947;17.09.2014;22.09.2014;Standard Class;JA-15970
CA-2016-152520;08.07.2016;12.07.2016;Standard Class;TH-21115
CA-2016-101791;27.05.2016;31.05.2016;Standard Class;BS-11665
CA-2017-121195;24.12.2017;27.12.2017;First Class;NS-18505
CA-2017-163209;03.05.2017;07.05.2017;Standard Class;MK-18160
CA-2014-133354;22.02.2014;24.02.2014;First Class;SA-20830
US-2015-130491;08.02.2015;11.02.2015;First Class;BH-11710
CA-2015-113740;24.08.2015;28.08.2015;Second Class;SC-20380
CA-2014-148425;30.11.2014;04.12.2014;Standard Class;RF-19345
CA-2016-144309;10.12.2016;16.12.2016;Standard Class;CM-12235
CA-2017-151225;27.10.2017;29.10.2017;First Class;JM-15655
US-2014-144078;25.11.2014;29.11.2014;Standard Class;RB-19435
CA-2014-124464;14.07.2014;20.07.2014;Standard Class;SS-20515
CA-2015-136805;23.05.2015;27.05.2015;Second Class;NM-18445
US-2015-159499;21.11.2015;23.11.2015;Second Class;EM-14095
CA-2014-162089;30.03.2014;01.04.2014;First Class;MP-17470
US-2017-158526;29.12.2017;01.01.2018;Second Class;KH-16360
CA-2017-104885;02.03.2017;08.03.2017;Standard Class;DB-13555
US-2016-157490;06.10.2016;07.10.2016;First Class;LB-16795
CA-2015-161452;05.04.2015;11.04.2015;Standard Class;CA-11965
US-2014-115196;09.09.2014;13.09.2014;Standard Class;DL-12925
CA-2016-138968;15.03.2016;16.03.2016;First Class;FC-14335
CA-2015-101889;27.12.2015;31.12.2015;Standard Class;DB-13120
CA-2017-110821;07.08.2017;08.08.2017;First Class;CK-12205
CA-2015-121552;22.03.2015;27.03.2015;Standard Class;FW-14395
CA-2015-107685;30.11.2015;02.12.2015;Second Class;JM-15865
US-2014-120740;15.04.2014;15.04.2014;Same Day;PS-18970
CA-2017-155740;30.07.2017;02.08.2017;First Class;TC-21475
CA-2017-146493;01.06.2017;05.06.2017;Standard Class;CV-12805
CA-2014-105417;07.01.2014;12.01.2014;Standard Class;VS-21820
US-2017-141509;29.09.2017;01.10.2017;First Class;SC-20575
CA-2017-139493;13.09.2017;19.09.2017;Standard Class;SG-20605
CA-2014-151967;22.10.2014;26.10.2014;Standard Class;NB-18580
US-2016-140158;04.10.2016;08.10.2016;Standard Class;DR-12940
CA-2015-130974;27.11.2015;29.11.2015;Second Class;MA-17560
CA-2017-133487;06.05.2017;09.05.2017;Second Class;TS-21655
CA-2014-142951;08.10.2014;08.10.2014;Same Day;JG-15115
CA-2014-133592;31.12.2014;07.01.2015;Standard Class;KM-16375
CA-2015-120782;28.04.2015;01.05.2015;First Class;SD-20485
CA-2015-116876;14.02.2015;21.02.2015;Standard Class;TT-21070
CA-2016-169838;25.11.2016;29.11.2016;Standard Class;BB-11545
US-2017-128951;15.07.2017;17.07.2017;First Class;RS-19420
CA-2014-102330;29.12.2014;03.01.2015;Standard Class;AI-10855
CA-2016-118899;22.03.2016;22.03.2016;Same Day;MC-17275
CA-2017-107958;02.07.2017;05.07.2017;First Class;AH-10120
CA-2017-151799;14.12.2017;18.12.2017;Standard Class;BF-11170
CA-2016-114601;26.08.2016;02.09.2016;Standard Class;AA-10480
CA-2017-100237;15.10.2017;19.10.2017;Standard Class;SV-20815
CA-2014-139542;25.10.2014;29.10.2014;Standard Class;EH-14185
US-2015-142811;02.04.2015;07.04.2015;Standard Class;JL-15850
CA-2017-139353;28.10.2017;30.10.2017;Second Class;JM-15250
CA-2014-150203;05.12.2014;07.12.2014;First Class;JB-15925
US-2017-101518;03.11.2017;08.11.2017;Standard Class;PB-19105
CA-2015-149636;06.01.2015;12.01.2015;Standard Class;SP-20620
US-2017-146213;09.09.2017;14.09.2017;Standard Class;MC-17605
CA-2015-108588;05.01.2015;10.01.2015;Standard Class;BG-11695
US-2017-138086;16.04.2017;20.04.2017;Standard Class;JO-15550
CA-2015-139374;10.09.2015;14.09.2015;Standard Class;AR-10345
CA-2016-113978;25.09.2016;29.09.2016;Standard Class;TS-21505
US-2015-150231;16.03.2015;20.03.2015;Second Class;JK-15640
CA-2016-106915;26.11.2016;02.12.2016;Standard Class;GA-14515
US-2016-109260;26.09.2016;01.10.2016;Standard Class;TN-21040
CA-2017-104850;13.06.2017;19.06.2017;Standard Class;TW-21025
CA-2017-140508;18.09.2017;21.09.2017;First Class;PA-19060
CA-2017-143294;02.06.2017;08.06.2017;Standard Class;JD-15790
CA-2016-165673;15.05.2016;19.05.2016;Second Class;MN-17935
CA-2017-134418;15.09.2017;20.09.2017;Standard Class;GM-14500
US-2016-106313;22.08.2016;26.08.2016;Standard Class;DG-13300
CA-2014-105872;30.05.2014;06.06.2014;Standard Class;JG-15160
CA-2017-108287;18.12.2017;20.12.2017;First Class;AG-10330
CA-2017-141103;30.07.2017;06.08.2017;Standard Class;JF-15355
CA-2014-154781;21.11.2014;26.11.2014;Standard Class;SC-20680
CA-2015-147816;24.09.2015;26.09.2015;Second Class;CM-11935
CA-2017-105326;20.08.2017;27.08.2017;Standard Class;KT-16480
CA-2016-133613;17.06.2016;22.06.2016;Standard Class;CP-12340
CA-2015-109113;19.12.2015;23.12.2015;Standard Class;EK-13795
CA-2015-156153;31.05.2015;02.06.2015;Second Class;CW-11905
CA-2015-133242;18.06.2015;24.06.2015;Standard Class;KH-16510
CA-2015-158323;30.11.2015;03.12.2015;First Class;AB-10600
CA-2015-161795;21.12.2015;23.12.2015;Second Class;AH-10075
CA-2017-100902;17.11.2017;21.11.2017;Standard Class;CK-12595
CA-2017-112844;13.11.2017;16.11.2017;Second Class;SP-20620
CA-2016-158925;24.10.2016;28.10.2016;Standard Class;JP-15460
CA-2014-155390;06.12.2014;11.12.2014;Standard Class;BG-11035
CA-2017-123071;03.12.2017;06.12.2017;First Class;CC-12550
CA-2017-156391;26.09.2017;28.09.2017;First Class;SL-20155
CA-2015-103093;03.02.2015;07.02.2015;Standard Class;FO-14305
US-2017-118941;12.08.2017;12.08.2017;Same Day;BB-11545
CA-2015-169299;24.08.2015;26.08.2015;First Class;DO-13435
CA-2017-154088;12.11.2017;17.11.2017;Standard Class;LB-16735
CA-2016-155978;01.08.2016;01.08.2016;Same Day;TS-21205
CA-2016-108196;25.11.2016;02.12.2016;Standard Class;CS-12505
CA-2016-152800;13.04.2016;15.04.2016;First Class;SP-20920
CA-2014-166961;27.12.2014;31.12.2014;Standard Class;CD-12790
CA-2016-139381;18.04.2016;22.04.2016;Standard Class;RF-19840
CA-2015-132136;08.03.2015;12.03.2015;Standard Class;FO-14305
CA-2016-162236;04.11.2016;06.11.2016;Second Class;ER-13855
US-2014-111353;29.11.2014;06.12.2014;Standard Class;PB-19150
US-2016-117037;17.05.2016;20.05.2016;First Class;LW-17215
CA-2017-160801;19.09.2017;19.09.2017;Same Day;FG-14260
CA-2016-108364;19.12.2016;24.12.2016;Standard Class;BP-11050
CA-2017-169362;12.10.2017;15.10.2017;First Class;SP-20860
CA-2015-127481;12.12.2015;15.12.2015;Second Class;JD-15895
CA-2015-112711;12.07.2015;18.07.2015;Standard Class;FM-14380
US-2015-145121;02.10.2015;06.10.2015;Standard Class;MP-17965
CA-2017-166184;24.03.2017;27.03.2017;First Class;HR-14830
CA-2017-157413;01.06.2017;06.06.2017;Standard Class;BW-11065
CA-2014-143637;24.03.2014;29.03.2014;Second Class;MS-17710
CA-2015-102260;22.09.2015;26.09.2015;Standard Class;SJ-20125
US-2016-137295;08.01.2016;13.01.2016;Standard Class;VS-21820
CA-2016-134334;14.02.2016;15.02.2016;First Class;DK-13090
US-2017-109316;08.06.2017;10.06.2017;First Class;MG-17680
CA-2016-138478;21.10.2016;26.10.2016;Second Class;DP-13390
CA-2017-150469;26.01.2017;30.01.2017;Standard Class;CJ-12010
CA-2017-152436;08.12.2017;10.12.2017;Second Class;CW-11905
CA-2016-169334;21.10.2016;24.10.2016;Second Class;GW-14605
US-2014-115413;26.08.2014;01.09.2014;Standard Class;PP-18955
CA-2014-125150;16.05.2014;23.05.2014;Standard Class;PW-19030
CA-2015-127327;03.02.2015;07.02.2015;Standard Class;PW-19030
CA-2017-117114;31.10.2017;05.11.2017;Standard Class;CY-12745
CA-2015-137302;26.04.2015;01.05.2015;Standard Class;BW-11110
CA-2016-112382;09.05.2016;13.05.2016;Standard Class;MB-18085
CA-2015-128958;24.01.2015;28.01.2015;Standard Class;CR-12820
CA-2015-106257;13.04.2015;17.04.2015;Second Class;EB-14110
CA-2015-149083;25.09.2015;30.09.2015;Standard Class;SH-19975
US-2014-137869;28.03.2014;02.04.2014;Standard Class;CV-12295
CA-2016-116603;17.07.2016;22.07.2016;Standard Class;AT-10735
CA-2014-158470;19.04.2014;23.04.2014;Second Class;AG-10390
US-2017-123834;21.07.2017;25.07.2017;Standard Class;GM-14500
CA-2015-125976;27.09.2015;02.10.2015;Standard Class;JK-15205
CA-2016-128706;27.02.2016;02.03.2016;Standard Class;DW-13540
CA-2016-104311;02.05.2016;06.05.2016;Standard Class;AS-10090
CA-2014-169649;09.12.2014;15.12.2014;Standard Class;TS-21205
CA-2015-144890;25.12.2015;29.12.2015;Standard Class;SM-20320
CA-2017-135587;07.12.2017;12.12.2017;Standard Class;BH-11710
CA-2014-103429;30.05.2014;01.06.2014;First Class;LW-16825
CA-2017-152261;02.03.2017;06.03.2017;Standard Class;JA-15970
CA-2015-142993;12.10.2015;17.10.2015;Standard Class;KA-16525
CA-2015-143364;14.07.2015;19.07.2015;Second Class;TG-21310
CA-2014-100972;19.11.2014;24.11.2014;Second Class;DB-13360
CA-2016-136994;27.05.2016;02.06.2016;Standard Class;LS-17245
US-2017-166233;03.07.2017;09.07.2017;Standard Class;MO-17950
CA-2017-122112;25.09.2017;29.09.2017;Standard Class;CA-11965
CA-2016-101672;03.10.2016;07.10.2016;Standard Class;DB-12910
CA-2017-168403;09.09.2017;15.09.2017;Standard Class;DK-12835
CA-2015-148705;12.03.2015;18.03.2015;Standard Class;EB-14170
CA-2016-160241;29.11.2016;04.12.2016;Second Class;DR-12940
CA-2016-155747;14.06.2016;21.06.2016;Standard Class;JS-15685
CA-2017-118017;03.12.2017;06.12.2017;Second Class;LC-16870
CA-2016-113117;16.08.2016;22.08.2016;Standard Class;JP-15520
CA-2016-148684;25.12.2016;29.12.2016;Standard Class;TS-21655
CA-2017-125367;23.07.2017;30.07.2017;Standard Class;NM-18445
CA-2017-124744;21.06.2017;25.06.2017;Standard Class;EH-14125
CA-2017-128363;13.08.2017;18.08.2017;Standard Class;DC-12850
CA-2015-126669;07.11.2015;13.11.2015;Standard Class;DO-13645
US-2015-118766;15.10.2015;22.10.2015;Standard Class;LS-16975
CA-2016-112585;30.07.2016;02.08.2016;First Class;RW-19630
CA-2016-149762;03.12.2016;07.12.2016;Standard Class;RD-19720
CA-2016-167605;28.04.2016;30.04.2016;Second Class;RB-19570
US-2017-105697;25.08.2017;27.08.2017;First Class;JE-15715
CA-2017-165323;17.06.2017;21.06.2017;Standard Class;SR-20740
CA-2015-110891;20.11.2015;24.11.2015;Standard Class;PO-19195
CA-2017-100783;04.09.2017;08.09.2017;Second Class;JK-16120
CA-2015-152513;04.07.2015;08.07.2015;Second Class;JP-16135
CA-2017-139822;15.09.2017;21.09.2017;Standard Class;Dp-13240
CA-2017-107713;13.03.2017;17.03.2017;Standard Class;JB-16000
CA-2017-134096;24.09.2017;29.09.2017;Standard Class;PP-18955
CA-2016-125843;13.08.2016;16.08.2016;First Class;RF-19840
CA-2017-120404;20.11.2017;24.11.2017;Second Class;KH-16330
CA-2017-167549;25.07.2017;27.07.2017;First Class;EM-14200
CA-2016-120082;25.03.2016;27.03.2016;Second Class;DK-12835
US-2016-168095;15.07.2016;20.07.2016;Standard Class;MC-17425
CA-2017-166093;17.08.2017;24.08.2017;Standard Class;RW-19540
CA-2016-146325;14.12.2016;17.12.2016;First Class;DS-13180
CA-2017-134194;25.12.2017;01.01.2018;Standard Class;GA-14725
CA-2014-131009;01.03.2014;05.03.2014;Standard Class;SC-20380
CA-2015-145814;19.11.2015;24.11.2015;Standard Class;KD-16345
CA-2014-138359;01.04.2014;06.04.2014;Standard Class;KH-16330
CA-2017-131807;05.10.2017;10.10.2017;Standard Class;GG-14650
CA-2017-104864;18.11.2017;23.11.2017;Second Class;JS-15685
CA-2015-138219;23.03.2015;30.03.2015;Standard Class;BP-11095
CA-2016-157707;10.10.2016;12.10.2016;First Class;CC-12610
US-2015-126753;16.08.2015;20.08.2015;Standard Class;SP-20860
CA-2014-166051;31.05.2014;05.06.2014;Standard Class;JK-15625
CA-2015-113040;27.08.2015;31.08.2015;Standard Class;CC-12100
CA-2014-103800;03.01.2014;07.01.2014;Standard Class;DP-13000
CA-2014-113383;10.09.2014;13.09.2014;First Class;SF-20065
CA-2017-152499;22.01.2017;25.01.2017;Second Class;EH-13765
CA-2016-151498;21.04.2016;24.04.2016;First Class;DN-13690
CA-2016-137939;20.07.2016;23.07.2016;Second Class;PJ-19015
US-2016-117793;23.08.2016;29.08.2016;Standard Class;MA-17560
CA-2016-133872;14.06.2016;17.06.2016;First Class;VM-21835
US-2015-165743;20.11.2015;23.11.2015;Second Class;MM-18055
US-2017-105998;03.11.2017;05.11.2017;First Class;CR-12580
US-2014-148194;04.05.2014;07.05.2014;First Class;BS-11365
US-2015-151407;08.11.2015;12.11.2015;Standard Class;RD-19585
CA-2015-110870;12.12.2015;15.12.2015;First Class;KD-16270
CA-2014-143210;01.12.2014;03.12.2014;First Class;AA-10645
CA-2016-139808;07.10.2016;11.10.2016;Standard Class;MC-18100
CA-2015-110863;17.11.2015;24.11.2015;Standard Class;AA-10645
CA-2014-127859;17.03.2014;20.03.2014;Second Class;QJ-19255
US-2015-136427;20.06.2015;23.06.2015;First Class;JM-16195
CA-2017-120168;25.05.2017;25.05.2017;Same Day;TB-21625
US-2014-131870;09.09.2014;11.09.2014;First Class;NF-18595
CA-2017-114804;17.10.2017;19.10.2017;Second Class;BF-11020
CA-2017-167227;02.11.2017;05.11.2017;First Class;NP-18670
CA-2014-129189;21.07.2014;25.07.2014;Standard Class;HM-14860
CA-2015-132465;11.09.2015;15.09.2015;Second Class;DM-13525
CA-2016-166373;21.10.2016;25.10.2016;Standard Class;JF-15565
CA-2016-158806;07.01.2016;11.01.2016;Standard Class;NM-18520
CA-2015-119690;25.06.2015;28.06.2015;First Class;MV-17485
CA-2015-153738;20.09.2015;22.09.2015;First Class;AG-10270
CA-2017-169012;10.07.2017;14.07.2017;Standard Class;BF-11275
CA-2017-109393;30.06.2017;02.07.2017;Second Class;JC-15775
CA-2017-121489;21.08.2017;25.08.2017;Second Class;CM-11815
US-2017-133081;11.03.2017;15.03.2017;Standard Class;PV-18985
CA-2017-165008;15.09.2017;17.09.2017;Second Class;DO-13645
CA-2016-145611;20.09.2016;24.09.2016;Standard Class;HA-14905
CA-2016-113600;15.12.2016;17.12.2016;Second Class;SH-20395
CA-2017-130834;03.11.2017;06.11.2017;Second Class;JM-16195
CA-2016-168543;03.07.2016;07.07.2016;Standard Class;DK-13225
CA-2014-144974;26.09.2014;30.09.2014;Standard Class;CM-12715
CA-2014-109904;14.07.2014;17.07.2014;Second Class;BF-10975
CA-2017-152205;28.09.2017;05.10.2017;Standard Class;SF-20965
CA-2015-121188;28.08.2015;04.09.2015;Standard Class;CB-12025
CA-2015-156013;20.09.2015;26.09.2015;Standard Class;TC-20980
CA-2016-132997;07.11.2016;09.11.2016;First Class;LW-17215
US-2015-160563;20.10.2015;24.10.2015;Standard Class;NS-18640
CA-2017-151750;01.01.2017;05.01.2017;Standard Class;JM-15250
CA-2015-106187;23.06.2015;29.06.2015;Standard Class;RF-19345
US-2016-164945;22.11.2016;27.11.2016;Standard Class;CA-12055
CA-2015-150714;26.10.2015;01.11.2015;Standard Class;KH-16690
CA-2016-105753;20.10.2016;26.10.2016;Standard Class;LC-16960
CA-2017-120894;28.04.2017;02.05.2017;Standard Class;JL-15130
CA-2016-106621;29.09.2016;01.10.2016;Second Class;DM-12955
CA-2015-107020;10.07.2015;14.07.2015;Standard Class;MV-18190
US-2015-117492;07.08.2015;09.08.2015;First Class;NS-18640
CA-2014-101392;07.12.2014;13.12.2014;Standard Class;AS-10630
CA-2015-127502;10.12.2015;14.12.2015;Standard Class;MT-17815
CA-2017-143658;08.11.2017;13.11.2017;Second Class;SR-20425
CA-2017-133046;27.07.2017;01.08.2017;Second Class;DK-13375
CA-2017-122798;28.12.2017;01.01.2018;Standard Class;SV-20935
CA-2016-169663;10.03.2016;13.03.2016;First Class;RH-19510
CA-2015-149846;22.05.2015;26.05.2015;Standard Class;SB-20185
CA-2017-159149;17.02.2017;19.02.2017;First Class;CR-12820
US-2017-167570;08.12.2017;15.12.2017;Standard Class;EG-13900
CA-2017-160122;18.11.2017;23.11.2017;Standard Class;RD-19930
CA-2016-130393;01.12.2016;03.12.2016;Second Class;JM-15865
CA-2017-144820;03.10.2017;07.10.2017;Second Class;LW-16825
CA-2017-101014;29.08.2017;04.09.2017;Standard Class;RW-19540
CA-2017-105543;24.11.2017;24.11.2017;Same Day;BG-11695
US-2017-113201;30.06.2017;05.07.2017;Standard Class;TT-21220
US-2017-106551;22.07.2017;27.07.2017;Standard Class;EB-13930
CA-2016-116722;11.11.2016;16.11.2016;Standard Class;LP-17080
CA-2014-138128;09.12.2014;15.12.2014;Standard Class;FP-14320
US-2017-150070;07.09.2017;12.09.2017;Standard Class;JA-15970
CA-2015-137064;06.02.2015;13.02.2015;Standard Class;TS-21655
CA-2017-157350;26.08.2017;01.09.2017;Standard Class;DP-13000
CA-2014-127866;20.07.2014;23.07.2014;First Class;JD-15895
CA-2015-131352;08.10.2015;13.10.2015;Standard Class;GH-14485
CA-2015-121776;16.02.2015;21.02.2015;Standard Class;RD-19585
CA-2016-118073;12.08.2016;16.08.2016;Standard Class;CS-12490
CA-2014-103219;09.11.2014;13.11.2014;Standard Class;BF-11215
CA-2016-102561;18.07.2016;22.07.2016;Standard Class;NK-18490
CA-2016-100993;05.02.2016;10.02.2016;Standard Class;AZ-10750
US-2014-112949;20.06.2014;27.06.2014;Standard Class;Co-12640
US-2017-146822;09.06.2017;14.06.2017;Standard Class;AG-10675
US-2016-131058;27.12.2016;31.12.2016;Standard Class;EM-14140
CA-2014-167997;26.01.2014;29.01.2014;First Class;CA-11965
CA-2017-140151;23.03.2017;25.03.2017;First Class;RB-19360
US-2017-143770;20.03.2017;24.03.2017;Standard Class;RD-19720
CA-2016-131296;04.10.2016;09.10.2016;Standard Class;MS-17830
CA-2016-103464;18.11.2016;22.11.2016;Standard Class;PG-18820
CA-2017-136238;26.12.2017;01.01.2018;Standard Class;KB-16240
CA-2016-120803;09.03.2016;13.03.2016;Standard Class;RB-19465
CA-2016-134138;16.02.2016;20.02.2016;Standard Class;JD-15790
CA-2015-120915;28.09.2015;03.10.2015;Second Class;JJ-15445
CA-2015-168207;02.11.2015;06.11.2015;Standard Class;LT-17110
CA-2016-144148;31.07.2016;05.08.2016;Standard Class;AH-10690
CA-2017-107174;06.11.2017;13.11.2017;Standard Class;AB-10060
CA-2016-146150;14.02.2016;19.02.2016;Standard Class;FM-14380
CA-2014-114125;09.07.2014;13.07.2014;Standard Class;GH-14410
CA-2016-114944;30.01.2016;04.02.2016;Standard Class;HE-14800
CA-2016-135965;22.09.2016;25.09.2016;First Class;SZ-20035
CA-2017-149699;22.12.2017;24.12.2017;First Class;CM-12115
CA-2016-166429;02.09.2016;08.09.2016;Standard Class;TG-21310
CA-2015-112767;02.08.2015;06.08.2015;Standard Class;DK-12985
CA-2015-119879;21.11.2015;25.11.2015;Standard Class;SS-20410
CA-2017-155642;18.05.2017;22.05.2017;Standard Class;BM-11575
US-2017-101721;23.07.2017;27.07.2017;Standard Class;MY-17380
CA-2015-136728;13.09.2015;17.09.2015;Second Class;AG-10900
CA-2016-127194;10.12.2016;16.12.2016;Standard Class;BW-11110
CA-2015-140375;02.10.2015;05.10.2015;Second Class;SG-20470
US-2017-155866;17.11.2017;21.11.2017;Standard Class;CC-12370
CA-2015-141327;30.11.2015;03.12.2015;First Class;LR-16915
CA-2015-136700;06.12.2015;11.12.2015;Second Class;DB-13120
CA-2017-102736;05.09.2017;09.09.2017;Standard Class;LP-17095
CA-2017-125269;24.04.2017;30.04.2017;Standard Class;AF-10870
CA-2015-114811;08.11.2015;08.11.2015;Same Day;KD-16495
CA-2015-122266;26.04.2015;30.04.2015;Standard Class;SA-20830
CA-2015-141565;20.09.2015;24.09.2015;Standard Class;BG-11035
CA-2017-128769;07.09.2017;12.09.2017;Standard Class;DM-12955
CA-2016-116337;07.11.2016;12.11.2016;Standard Class;MC-17845
CA-2015-120845;25.09.2015;02.10.2015;Standard Class;ML-17395
CA-2014-120775;03.10.2014;07.10.2014;Standard Class;RD-19930
CA-2014-152905;18.02.2014;24.02.2014;Standard Class;AB-10015
CA-2016-104633;12.06.2016;16.06.2016;Standard Class;EA-14035
CA-2017-104136;01.11.2017;04.11.2017;Second Class;SF-20065
CA-2016-123050;04.04.2016;08.04.2016;Second Class;BC-11125
CA-2016-162355;30.06.2016;02.07.2016;Second Class;PF-19165
CA-2014-158225;22.09.2014;28.09.2014;Standard Class;SE-20110
CA-2017-102204;01.05.2017;06.05.2017;Standard Class;CJ-12010
CA-2017-103065;20.10.2017;20.10.2017;Same Day;PT-19090
CA-2014-109855;01.09.2014;05.09.2014;Standard Class;LH-16900
CA-2014-109897;12.08.2014;16.08.2014;Standard Class;BW-11200
US-2014-143581;19.08.2014;23.08.2014;Standard Class;BS-11365
CA-2015-129217;10.05.2015;10.05.2015;Same Day;DP-13390
CA-2016-133816;10.05.2016;13.05.2016;Second Class;CS-12400
CA-2015-140221;05.03.2015;09.03.2015;Second Class;MS-17365
CA-2017-152310;12.08.2017;19.08.2017;Standard Class;DK-12895
CA-2016-118101;26.06.2016;26.06.2016;Same Day;SN-20560
CA-2016-100307;15.12.2016;19.12.2016;Standard Class;TC-21475
CA-2015-138457;13.09.2015;17.09.2015;Standard Class;AM-10705
CA-2014-131800;30.12.2014;04.01.2015;Standard Class;AJ-10960
CA-2014-118304;29.04.2014;04.05.2014;Standard Class;KH-16360
CA-2017-121790;30.01.2017;06.02.2017;Standard Class;LP-17095
CA-2016-169670;25.12.2016;31.12.2016;Standard Class;JE-15715
CA-2016-139549;20.10.2016;25.10.2016;Standard Class;MY-18295
CA-2015-104059;13.06.2015;15.06.2015;Second Class;FC-14245
CA-2017-164112;30.06.2017;04.07.2017;Standard Class;ND-18460
CA-2015-143882;26.06.2015;30.06.2015;Standard Class;DB-13360
US-2016-139262;21.02.2016;25.02.2016;Standard Class;LC-16960
CA-2017-146192;22.04.2017;26.04.2017;Standard Class;BD-11725
CA-2017-134810;09.05.2017;10.05.2017;First Class;MC-17605
CA-2015-154284;21.12.2015;26.12.2015;Second Class;SZ-20035
CA-2014-156244;12.08.2014;16.08.2014;Standard Class;DH-13675
CA-2015-106362;11.12.2015;15.12.2015;Standard Class;LC-16885
US-2017-168802;03.11.2017;07.11.2017;Standard Class;JO-15145
US-2017-146906;13.03.2017;17.03.2017;Standard Class;MT-17815
CA-2016-166380;30.05.2016;03.06.2016;Standard Class;EB-13750
US-2015-158911;05.07.2015;11.07.2015;Standard Class;RS-19765
US-2014-103338;11.03.2014;15.03.2014;Standard Class;RB-19435
CA-2015-109169;20.04.2015;24.04.2015;Standard Class;OT-18730
US-2017-167318;26.07.2017;01.08.2017;Standard Class;GZ-14545
US-2014-120313;31.10.2014;02.11.2014;Second Class;NL-18310
CA-2017-135419;03.11.2017;09.11.2017;Standard Class;BG-11740
CA-2016-128671;11.08.2016;16.08.2016;Standard Class;MT-18070
CA-2016-149335;25.07.2016;25.07.2016;Same Day;BC-11125
CA-2014-168312;01.03.2014;07.03.2014;Standard Class;GW-14605
US-2017-105935;26.01.2017;31.01.2017;Standard Class;BD-11500
CA-2014-161508;12.07.2014;16.07.2014;Standard Class;PV-18985
CA-2017-130904;11.04.2017;16.04.2017;Standard Class;HM-14980
CA-2017-133620;13.11.2017;18.11.2017;Standard Class;EM-14065
CA-2015-142937;05.12.2015;06.12.2015;First Class;SF-20065
US-2016-149790;26.09.2016;01.10.2016;Standard Class;SC-20380
CA-2016-130778;19.11.2016;25.11.2016;Standard Class;ND-18370
CA-2017-144456;08.09.2017;09.09.2017;First Class;FC-14245
CA-2017-103478;21.07.2017;24.07.2017;Second Class;KL-16555
CA-2017-118577;06.10.2017;11.10.2017;Standard Class;XP-21865
CA-2017-113572;07.11.2017;11.11.2017;Standard Class;FP-14320
CA-2016-153269;09.03.2016;12.03.2016;First Class;PS-18760
CA-2017-161655;13.05.2017;18.05.2017;Second Class;CW-11905
CA-2016-101469;02.07.2016;08.07.2016;Standard Class;KH-16360
CA-2014-153087;27.12.2014;03.01.2015;Standard Class;TC-20980
CA-2017-135076;13.04.2017;17.04.2017;Standard Class;YS-21880
CA-2014-161634;14.11.2014;20.11.2014;Standard Class;CC-12220
CA-2017-141481;11.06.2017;14.06.2017;First Class;ZD-21925
CA-2016-132549;25.11.2016;30.11.2016;Standard Class;JK-15370
US-2014-155544;21.03.2014;25.03.2014;Standard Class;GM-14440
US-2015-115238;30.04.2015;04.05.2015;Standard Class;JW-15220
CA-2017-132199;03.05.2017;08.05.2017;Standard Class;BO-11350
CA-2016-163174;26.08.2016;30.08.2016;Standard Class;XP-21865
CA-2014-110555;11.04.2014;18.04.2014;Standard Class;MM-18055
CA-2017-147207;02.01.2017;04.01.2017;Second Class;TS-21655
CA-2017-137631;28.04.2017;02.05.2017;Standard Class;JL-15235
CA-2017-157273;30.01.2017;02.02.2017;First Class;SZ-20035
CA-2014-109918;07.09.2014;12.09.2014;Second Class;LR-17035
CA-2016-118745;11.06.2016;16.06.2016;Standard Class;SV-20365
CA-2016-163972;17.10.2016;21.10.2016;Standard Class;MG-17890
CA-2014-165393;27.12.2014;30.12.2014;First Class;NC-18415
CA-2016-113726;24.11.2016;01.12.2016;Standard Class;SC-20680
CA-2016-152940;10.11.2016;13.11.2016;First Class;RO-19780
CA-2015-158701;05.01.2015;10.01.2015;Standard Class;JL-15175
CA-2017-156272;21.03.2017;27.03.2017;Standard Class;PW-19030
CA-2015-162964;12.11.2015;18.11.2015;Standard Class;MF-18250
CA-2014-103527;09.09.2014;14.09.2014;Second Class;CC-12220
CA-2016-134544;17.03.2016;19.03.2016;Second Class;AC-10660
CA-2016-163048;08.02.2016;15.02.2016;Standard Class;MH-17440
CA-2016-145135;26.11.2016;28.11.2016;First Class;CD-12790
CA-2017-137582;04.09.2017;08.09.2017;Standard Class;CV-12805
CA-2015-149601;28.05.2015;03.06.2015;Standard Class;TB-21625
CA-2014-139423;01.11.2014;05.11.2014;Standard Class;DG-13300
CA-2016-102596;27.12.2016;30.12.2016;First Class;RD-19810
CA-2017-153227;04.12.2017;06.12.2017;First Class;CS-12250
CA-2017-110625;23.12.2017;30.12.2017;Standard Class;JB-16045
CA-2016-142594;01.12.2016;06.12.2016;Second Class;EJ-14155
CA-2014-152254;30.06.2014;30.06.2014;Same Day;BD-11620
US-2014-120236;03.09.2014;04.09.2014;First Class;MR-17545
CA-2017-120061;02.11.2017;07.11.2017;Second Class;SR-20425
CA-2015-133837;13.04.2015;18.04.2015;Standard Class;TH-21100
CA-2015-110814;05.12.2015;09.12.2015;Second Class;BD-11635
CA-2016-154067;01.02.2016;07.02.2016;Standard Class;SM-20950
CA-2017-140480;08.07.2017;12.07.2017;Standard Class;HE-14800
CA-2015-134082;11.12.2015;17.12.2015;Standard Class;JK-15640
CA-2016-130820;15.11.2016;15.11.2016;Same Day;ON-18715
CA-2016-159765;09.05.2016;12.05.2016;Second Class;TH-21100
CA-2017-132290;10.03.2017;14.03.2017;Standard Class;MD-17350
CA-2016-147109;17.12.2016;21.12.2016;Standard Class;AH-10075
CA-2017-107265;06.04.2017;12.04.2017;Standard Class;ML-17755
CA-2017-118199;09.05.2017;11.05.2017;First Class;LB-16795
CA-2017-150091;12.10.2017;16.10.2017;Standard Class;NP-18670
CA-2016-137652;28.08.2016;30.08.2016;First Class;EB-13750
CA-2015-128356;02.10.2015;07.10.2015;Standard Class;RP-19390
CA-2017-167017;23.11.2017;25.11.2017;First Class;DC-12850
US-2017-132220;12.11.2017;16.11.2017;Standard Class;DJ-13510
CA-2016-118129;19.12.2016;21.12.2016;Second Class;CL-12565
US-2014-113124;30.03.2014;05.04.2014;Standard Class;NC-18340
CA-2017-155621;08.11.2017;13.11.2017;Standard Class;KN-16450
US-2014-127635;14.09.2014;18.09.2014;Second Class;SC-20260
CA-2015-151470;20.09.2015;26.09.2015;Standard Class;AM-10705
CA-2015-112823;10.12.2015;16.12.2015;Standard Class;RA-19945
CA-2014-108861;28.05.2014;01.06.2014;Standard Class;MM-17260
CA-2017-114370;14.03.2017;17.03.2017;Second Class;BN-11470
CA-2016-158302;08.12.2016;12.12.2016;Second Class;JB-16045
CA-2017-145779;06.05.2017;10.05.2017;Standard Class;DB-13615
US-2016-155173;06.03.2016;10.03.2016;Standard Class;JB-16045
CA-2017-125451;23.10.2017;24.10.2017;First Class;AH-10075
CA-2014-131387;28.04.2014;30.04.2014;First Class;AI-10855
CA-2016-125087;18.04.2016;23.04.2016;Standard Class;TH-21115
CA-2016-154081;22.05.2016;29.05.2016;Standard Class;JE-15610
US-2017-118556;28.05.2017;02.06.2017;Second Class;TH-21235
CA-2014-126200;25.08.2014;29.08.2014;Standard Class;JE-15715
CA-2014-146500;30.08.2014;04.09.2014;Standard Class;AT-10735
CA-2015-169537;03.09.2015;07.09.2015;Second Class;JH-15820
CA-2014-100881;28.03.2014;01.04.2014;Standard Class;DR-12940
CA-2015-144043;10.05.2015;15.05.2015;Standard Class;AB-10165
CA-2015-116512;09.04.2015;14.04.2015;Standard Class;MC-18100
CA-2015-101000;09.04.2015;14.04.2015;Standard Class;IG-15085
CA-2016-168557;19.09.2016;23.09.2016;Standard Class;FH-14275
US-2016-164196;11.11.2016;17.11.2016;Standard Class;AS-10285
US-2017-132031;23.04.2017;27.04.2017;Standard Class;PN-18775
CA-2015-169733;22.10.2015;26.10.2015;Second Class;GM-14500
CA-2017-169404;09.04.2017;14.04.2017;Standard Class;NC-18625
CA-2017-134880;27.10.2017;01.11.2017;Standard Class;TW-21025
CA-2015-145758;30.10.2015;30.10.2015;Same Day;BF-11020
CA-2017-158736;18.12.2017;24.12.2017;Standard Class;TT-21460
US-2016-119270;12.03.2016;16.03.2016;Standard Class;SW-20245
CA-2014-109890;21.07.2014;27.07.2014;Standard Class;PG-18820
CA-2016-138583;24.05.2016;28.05.2016;Standard Class;DP-13390
US-2017-118535;11.02.2017;15.02.2017;Standard Class;DJ-13510
CA-2016-126284;20.09.2016;24.09.2016;Standard Class;EN-13780
CA-2017-142391;24.09.2017;24.09.2017;Same Day;PB-19150
CA-2017-124716;27.03.2017;31.03.2017;Standard Class;BD-11560
CA-2016-158841;02.02.2016;04.02.2016;Second Class;SE-20110
CA-2017-106824;07.07.2017;11.07.2017;Standard Class;AT-10735
CA-2015-109190;23.10.2015;28.10.2015;Standard Class;CC-12685
CA-2016-143154;02.12.2016;08.12.2016;Standard Class;AS-10225
CA-2014-169061;05.03.2014;08.03.2014;Second Class;AB-10150
CA-2015-102316;01.03.2015;03.03.2015;Second Class;DH-13075
CA-2014-164903;20.02.2014;24.02.2014;Standard Class;SR-20740
CA-2016-109400;02.05.2016;06.05.2016;Standard Class;NR-18550
CA-2016-130400;08.03.2016;12.03.2016;Standard Class;SJ-20125
CA-2015-135853;11.12.2015;14.12.2015;First Class;CA-12775
CA-2016-103359;22.12.2016;26.12.2016;Standard Class;LC-16885
CA-2016-144645;02.02.2016;08.02.2016;Standard Class;NS-18640
CA-2017-141614;05.06.2017;09.06.2017;Standard Class;NS-18640
CA-2015-122168;21.08.2015;26.08.2015;Standard Class;HG-14965
CA-2016-132899;07.04.2016;11.04.2016;Standard Class;SF-20200
CA-2017-149720;04.06.2017;07.06.2017;Second Class;EM-14065
CA-2017-118003;04.12.2017;10.12.2017;Standard Class;DO-13645
CA-2016-141887;11.01.2016;15.01.2016;Standard Class;MP-17470
US-2016-160206;01.04.2016;07.04.2016;Standard Class;MY-18295
CA-2017-133074;21.09.2017;25.09.2017;Standard Class;DB-13615
CA-2017-161172;16.03.2017;16.03.2017;Same Day;SP-20920
CA-2017-137624;10.11.2017;17.11.2017;Standard Class;ME-17320
CA-2016-156748;30.11.2016;06.12.2016;Standard Class;BS-11755
CA-2015-169677;13.01.2015;15.01.2015;Second Class;KS-16300
US-2014-163146;16.05.2014;20.05.2014;Standard Class;CC-12475
CA-2015-157343;07.06.2015;11.06.2015;Standard Class;HD-14785
CA-2017-147354;09.03.2017;13.03.2017;Standard Class;KB-16315
CA-2015-157287;22.12.2015;23.12.2015;First Class;HR-14830
CA-2014-137575;06.08.2014;11.08.2014;Standard Class;TB-21625
CA-2016-119074;27.03.2016;31.03.2016;Standard Class;DS-13180
CA-2015-149566;05.12.2015;10.12.2015;Standard Class;GB-14530
CA-2015-126186;11.09.2015;12.09.2015;First Class;GB-14530
CA-2015-121132;17.07.2015;24.07.2015;Standard Class;VB-21745
CA-2014-140473;30.05.2014;03.06.2014;Standard Class;MC-17425
US-2017-102904;13.11.2017;20.11.2017;Standard Class;CB-12025
CA-2016-102092;09.12.2016;11.12.2016;First Class;PM-18940
CA-2015-117884;22.03.2015;22.03.2015;Same Day;DC-13285
CA-2016-132829;23.12.2016;26.12.2016;Second Class;LA-16780
CA-2016-123540;02.04.2016;06.04.2016;Second Class;DJ-13420
US-2017-108315;30.04.2017;04.05.2017;Standard Class;MH-18115
CA-2016-134110;17.11.2016;18.11.2016;First Class;BG-11035
US-2016-136581;10.11.2016;12.11.2016;First Class;SV-20365
CA-2016-162390;06.12.2016;12.12.2016;Standard Class;DP-13105
CA-2016-162222;03.04.2016;03.04.2016;Same Day;SR-20740
CA-2014-121629;28.11.2014;02.12.2014;Standard Class;BT-11680
CA-2015-164623;20.10.2015;22.10.2015;First Class;MS-17770
CA-2014-159849;19.09.2014;19.09.2014;Same Day;JK-15640
CA-2017-101273;27.08.2017;30.08.2017;Second Class;ST-20530
CA-2017-106747;03.07.2017;04.07.2017;First Class;TS-21505
CA-2017-146164;22.12.2017;26.12.2017;Standard Class;CM-12190
CA-2016-111605;27.12.2016;02.01.2017;Standard Class;JW-15955
CA-2014-130673;20.05.2014;22.05.2014;Second Class;MC-17590
CA-2014-104808;04.02.2014;08.02.2014;Second Class;MH-17440
US-2017-132927;09.12.2017;15.12.2017;Standard Class;RD-19720
CA-2017-162015;11.07.2017;18.07.2017;Standard Class;KB-16240
CA-2015-138492;15.05.2015;22.05.2015;Standard Class;FC-14335
CA-2017-145338;29.01.2017;01.02.2017;First Class;BD-11770
CA-2017-126676;29.09.2017;01.10.2017;First Class;FH-14365
CA-2017-101700;23.04.2017;26.04.2017;First Class;SO-20335
CA-2017-159667;09.11.2017;13.11.2017;Standard Class;PM-19135
CA-2014-111934;05.05.2014;07.05.2014;First Class;GD-14590
US-2016-117387;27.10.2016;31.10.2016;Standard Class;PA-19060
CA-2014-141110;26.11.2014;01.12.2014;Standard Class;LS-17200
US-2014-133949;31.12.2014;31.12.2014;Same Day;JL-15175
US-2016-116365;03.01.2016;08.01.2016;Standard Class;CA-12310
CA-2017-162936;18.08.2017;22.08.2017;Standard Class;CM-12160
CA-2014-151946;04.06.2014;09.06.2014;Standard Class;BT-11440
CA-2017-123624;13.11.2017;17.11.2017;Second Class;SE-20110
CA-2016-146437;28.01.2016;01.02.2016;Second Class;HG-14965
CA-2016-138233;09.11.2016;14.11.2016;Standard Class;PF-19165
CA-2016-165918;10.09.2016;14.09.2016;Standard Class;BD-11770
CA-2017-117513;03.03.2017;08.03.2017;Standard Class;BT-11395
CA-2017-132437;08.09.2017;13.09.2017;Second Class;EM-14095
US-2017-119319;06.11.2017;09.11.2017;Second Class;LC-17050
CA-2017-104318;13.05.2017;18.05.2017;Standard Class;FH-14275
US-2016-114230;27.11.2016;01.12.2016;Standard Class;CM-12235
CA-2015-136147;13.11.2015;18.11.2015;Standard Class;FM-14380
CA-2015-156118;08.12.2015;12.12.2015;Standard Class;HG-14965
CA-2015-164084;07.09.2015;12.09.2015;Standard Class;AG-10525
CA-2016-107783;28.07.2016;29.07.2016;First Class;OT-18730
CA-2017-159793;25.08.2017;29.08.2017;Standard Class;SV-20365
CA-2014-160094;30.04.2014;02.05.2014;First Class;JM-16195
CA-2017-151281;27.04.2017;02.05.2017;Standard Class;HM-14980
CA-2017-118346;23.07.2017;24.07.2017;First Class;PO-19180
CA-2014-129819;13.12.2014;15.12.2014;Second Class;KC-16675
US-2017-148551;12.01.2017;16.01.2017;Standard Class;DB-13120
CA-2017-147767;02.12.2017;02.12.2017;Same Day;SV-20935
CA-2015-108259;08.11.2015;15.11.2015;Standard Class;NS-18640
CA-2016-113341;25.11.2016;29.11.2016;Standard Class;MH-17455
US-2015-131842;05.12.2015;08.12.2015;First Class;RR-19525
CA-2016-164574;29.07.2016;03.08.2016;Standard Class;RH-19555
CA-2014-142769;13.09.2014;13.09.2014;Same Day;RP-19390
CA-2016-168361;21.06.2016;25.06.2016;Standard Class;KB-16600
CA-2016-153185;03.09.2016;08.09.2016;Standard Class;MH-17620
CA-2017-124765;25.11.2017;30.11.2017;Standard Class;HZ-14950
CA-2015-131856;12.05.2015;17.05.2015;Standard Class;JG-15160
CA-2017-126634;30.03.2017;01.04.2017;Second Class;AB-10165
CA-2016-118500;17.11.2016;18.11.2016;First Class;HJ-14875
CA-2016-163951;30.12.2016;02.01.2017;First Class;CJ-11875
CA-2016-149916;22.12.2016;24.12.2016;Second Class;ED-13885
CA-2015-158918;20.12.2015;25.12.2015;Second Class;AI-10855
US-2014-159611;27.12.2014;01.01.2015;Second Class;KB-16315
CA-2017-163265;16.02.2017;21.02.2017;Standard Class;JS-16030
CA-2017-141705;24.10.2017;26.10.2017;First Class;PO-18850
CA-2016-112739;02.09.2016;07.09.2016;Second Class;RD-19810
CA-2016-143805;01.12.2016;03.12.2016;Second Class;JD-15895
CA-2014-133634;05.11.2014;10.11.2014;Standard Class;SR-20740
CA-2017-101665;25.11.2017;01.12.2017;Standard Class;TZ-21580
CA-2016-155446;16.12.2016;23.12.2016;Standard Class;TN-21040
CA-2017-137323;14.11.2017;18.11.2017;Second Class;PW-19030
CA-2016-144015;26.06.2016;26.06.2016;Same Day;AH-10075
CA-2014-101427;26.12.2014;30.12.2014;Standard Class;AY-10555
CA-2016-136770;14.08.2016;18.08.2016;Standard Class;SP-20650
CA-2016-118311;24.10.2016;28.10.2016;Standard Class;ED-13885
US-2014-112795;23.08.2014;28.08.2014;Second Class;CR-12625
CA-2017-127096;15.09.2017;17.09.2017;Second Class;CS-12400
CA-2017-119284;15.06.2017;20.06.2017;Standard Class;TS-21205
CA-2015-133494;01.03.2015;05.03.2015;Standard Class;RP-19390
CA-2016-111318;23.07.2016;26.07.2016;First Class;IL-15100
US-2014-132745;01.10.2014;05.10.2014;Standard Class;NF-18475
CA-2014-146815;08.09.2014;13.09.2014;Standard Class;PP-18955
CA-2014-119144;16.11.2014;18.11.2014;First Class;JD-16150
CA-2014-105648;03.03.2014;07.03.2014;Standard Class;EJ-14155
US-2015-145422;03.12.2015;07.12.2015;Standard Class;PW-19240
CA-2017-136623;11.07.2017;16.07.2017;Standard Class;TS-21430
CA-2017-121678;16.11.2017;20.11.2017;Second Class;BM-11650
CA-2016-120824;12.06.2016;16.06.2016;Second Class;AW-10930
US-2016-135209;29.12.2016;31.12.2016;Second Class;MH-17290
CA-2017-148145;18.03.2017;23.03.2017;Standard Class;SW-20275
CA-2015-103870;27.12.2015;31.12.2015;Standard Class;SP-20860
CA-2015-111017;31.07.2015;06.08.2015;Standard Class;SC-20695
CA-2017-116988;27.06.2017;29.06.2017;Second Class;PW-19030
US-2014-169390;07.02.2014;10.02.2014;Second Class;CS-12250
CA-2016-168774;04.09.2016;09.09.2016;Standard Class;RP-19855
CA-2017-161592;06.04.2017;10.04.2017;Standard Class;CS-12175
US-2017-131961;08.12.2017;11.12.2017;First Class;MJ-17740
CA-2016-102498;24.07.2016;25.07.2016;First Class;JG-15160
CA-2015-113222;09.11.2015;09.11.2015;Same Day;AG-10765
US-2015-144771;02.10.2015;04.10.2015;First Class;CK-12205
CA-2015-162376;22.11.2015;25.11.2015;Second Class;HD-14785
CA-2017-128076;02.02.2017;07.02.2017;Standard Class;BO-11350
US-2015-163825;16.06.2015;19.06.2015;First Class;LC-16885
CA-2016-105662;05.05.2016;09.05.2016;Standard Class;RB-19465
CA-2017-152198;09.09.2017;10.09.2017;First Class;JD-16015
CA-2016-114307;22.07.2016;26.07.2016;Standard Class;MF-17665
CA-2016-159891;31.01.2016;06.02.2016;Standard Class;BF-11170
CA-2016-112578;29.12.2016;02.01.2017;Standard Class;FO-14305
CA-2015-107083;21.11.2015;27.11.2015;Standard Class;BB-11545
CA-2015-151722;05.10.2015;09.10.2015;Standard Class;IL-15100
CA-2016-151148;12.09.2016;13.09.2016;Same Day;PO-19180
CA-2017-115882;14.09.2017;17.09.2017;First Class;DB-13555
CA-2015-132276;23.02.2015;28.02.2015;Standard Class;LC-16960
CA-2016-163636;05.12.2016;09.12.2016;Second Class;MP-18175
CA-2016-102813;02.07.2016;03.07.2016;First Class;EA-14035
CA-2017-135377;13.12.2017;18.12.2017;Standard Class;BP-11095
CA-2015-165813;20.03.2015;22.03.2015;Second Class;BM-11785
CA-2015-133585;01.03.2015;04.03.2015;First Class;CM-12715
CA-2016-116911;15.09.2016;20.09.2016;Standard Class;JD-16150
US-2017-129224;17.03.2017;23.03.2017;Standard Class;AS-10630
CA-2017-145765;28.05.2017;02.06.2017;Standard Class;CM-11815
CA-2017-126914;15.06.2017;19.06.2017;Standard Class;JE-15715
CA-2015-169572;06.09.2015;12.09.2015;Standard Class;AG-10525
CA-2017-162075;18.03.2017;24.03.2017;Standard Class;TT-21220
CA-2014-162992;19.12.2014;21.12.2014;First Class;BP-11095
CA-2016-106397;07.07.2016;13.07.2016;Standard Class;MJ-17740
US-2016-150140;06.04.2016;10.04.2016;Standard Class;VM-21685
CA-2014-116666;08.05.2014;10.05.2014;First Class;KT-16480
CA-2017-148992;23.11.2017;27.11.2017;Standard Class;CS-12250
CA-2016-140935;10.11.2016;12.11.2016;First Class;AB-10015
CA-2014-157644;31.12.2014;01.01.2015;First Class;AH-10030
US-2017-100398;19.08.2017;23.08.2017;Standard Class;DO-13435
CA-2016-113082;12.09.2016;16.09.2016;Standard Class;MC-17590
US-2017-110646;26.10.2017;31.10.2017;Standard Class;JF-15190
CA-2017-120614;30.05.2017;04.06.2017;Standard Class;SM-20950
US-2016-140172;08.03.2016;13.03.2016;Standard Class;SP-20650
CA-2015-127754;26.07.2015;31.07.2015;Standard Class;CK-12760
CA-2015-144274;23.11.2015;25.11.2015;Second Class;PW-19240
CA-2015-142930;28.11.2015;02.12.2015;Standard Class;EB-14170
CA-2017-100622;03.11.2017;07.11.2017;Standard Class;DK-13090
CA-2017-117156;21.03.2017;23.03.2017;Second Class;TB-21055
CA-2015-115399;19.12.2015;22.12.2015;First Class;AG-10900
US-2014-157847;02.04.2014;06.04.2014;Second Class;SC-20020
CA-2015-115168;05.06.2015;09.06.2015;Standard Class;BB-11545
CA-2014-109680;06.10.2014;09.10.2014;First Class;VP-21760
CA-2016-167983;21.08.2016;24.08.2016;Second Class;RP-19270
CA-2015-145324;15.11.2015;19.11.2015;Standard Class;DH-13675
CA-2015-153423;22.06.2015;27.06.2015;Standard Class;SW-20455
US-2017-132675;24.09.2017;28.09.2017;Standard Class;KF-16285
CA-2014-153808;06.04.2014;10.04.2014;Second Class;FH-14275
US-2016-112396;09.02.2016;13.02.2016;Standard Class;JR-16210
CA-2014-141173;18.11.2014;20.11.2014;Second Class;JC-16105
CA-2017-156664;18.12.2017;23.12.2017;Standard Class;BP-11290
CA-2015-140718;02.07.2015;04.07.2015;First Class;FA-14230
CA-2014-119977;08.10.2014;13.10.2014;Second Class;DN-13690
US-2015-115343;22.09.2015;25.09.2015;First Class;FO-14305
CA-2017-163671;24.12.2017;30.12.2017;Standard Class;DP-13105
CA-2017-135909;13.10.2017;20.10.2017;Standard Class;JW-15220
US-2017-114356;20.08.2017;26.08.2017;Standard Class;TT-21460
CA-2015-125934;11.09.2015;18.09.2015;Standard Class;SN-20560
CA-2015-158148;20.12.2015;26.12.2015;Standard Class;JM-15865
CA-2014-120411;20.09.2014;23.09.2014;First Class;SB-20185
CA-2016-158260;04.11.2016;08.11.2016;Standard Class;CC-12475
CA-2017-101805;01.12.2017;06.12.2017;Standard Class;SH-19975
US-2014-105137;10.10.2014;10.10.2014;Same Day;RB-19435
CA-2017-142489;14.11.2017;16.11.2017;Second Class;TC-21295
US-2016-141264;13.08.2016;19.08.2016;Standard Class;CT-11995
CA-2017-126928;17.09.2017;23.09.2017;Standard Class;GZ-14470
US-2015-107944;23.03.2015;25.03.2015;First Class;AM-10360
CA-2016-135594;30.06.2016;03.07.2016;Second Class;AH-10120
US-2017-115252;20.10.2017;25.10.2017;Standard Class;MY-18295
CA-2014-107398;25.08.2014;30.08.2014;Standard Class;BS-11590
CA-2014-169642;27.07.2014;30.07.2014;Second Class;BB-10990
CA-2017-103968;01.12.2017;07.12.2017;Standard Class;ML-17755
CA-2016-147256;17.10.2016;21.10.2016;Second Class;FC-14245
CA-2016-162159;16.09.2016;18.09.2016;First Class;CR-12625
CA-2015-111038;01.12.2015;06.12.2015;Standard Class;LC-16960
CA-2014-124723;05.08.2014;12.08.2014;Standard Class;GZ-14470
CA-2016-167241;15.08.2016;22.08.2016;Standard Class;BD-11320
CA-2015-163237;07.08.2015;09.08.2015;Second Class;EM-14095
CA-2016-150483;31.05.2016;04.06.2016;Standard Class;BP-11290
US-2016-126431;01.07.2016;01.07.2016;Same Day;SU-20665
CA-2016-139934;18.12.2016;20.12.2016;First Class;AY-10555
CA-2015-109603;26.01.2015;01.02.2015;Standard Class;EM-13825
CA-2017-160661;28.10.2017;01.11.2017;Standard Class;SA-20830
CA-2017-102610;04.11.2017;08.11.2017;Standard Class;CA-12265
US-2016-144057;09.05.2016;13.05.2016;Standard Class;CV-12805
CA-2014-160276;02.04.2014;08.04.2014;Standard Class;AH-10690
CA-2014-132983;28.04.2014;03.05.2014;Standard Class;DS-13180
CA-2016-145709;04.10.2016;08.10.2016;Standard Class;AH-10690
CA-2017-133928;11.06.2017;17.06.2017;Standard Class;ZC-21910
CA-2016-168032;30.01.2016;03.02.2016;Standard Class;DF-13135
CA-2015-143616;27.09.2015;29.09.2015;Second Class;SS-20140
US-2015-168704;13.04.2015;17.04.2015;Standard Class;FP-14320
CA-2017-143252;18.12.2017;24.12.2017;Standard Class;HE-14800
CA-2016-102134;14.03.2016;19.03.2016;Standard Class;SP-20545
CA-2017-130036;27.08.2017;27.08.2017;Same Day;BP-11185
CA-2015-134117;17.12.2015;19.12.2015;Second Class;PG-18895
CA-2014-130918;22.08.2014;24.08.2014;Second Class;JP-15520
CA-2016-159023;03.11.2016;05.11.2016;First Class;NW-18400
CA-2017-111717;10.10.2017;16.10.2017;Standard Class;SW-20245
CA-2014-154592;07.12.2014;08.12.2014;First Class;EH-14005
CA-2014-128622;15.11.2014;17.11.2014;Second Class;SC-20260
CA-2017-148355;24.12.2017;28.12.2017;Standard Class;NC-18535
CA-2014-132913;24.12.2014;26.12.2014;First Class;AS-10090
CA-2017-150910;22.12.2017;28.12.2017;Standard Class;JL-15130
CA-2014-156790;08.08.2014;10.08.2014;Second Class;VG-21790
CA-2014-126480;20.09.2014;24.09.2014;Standard Class;HG-14965
CA-2017-105620;25.12.2017;28.12.2017;First Class;JH-15430
CA-2017-150266;25.11.2017;30.11.2017;Standard Class;RO-19780
CA-2016-157280;05.11.2016;07.11.2016;First Class;LW-17125
CA-2017-106691;06.11.2017;12.11.2017;Standard Class;CC-12370
CA-2016-134180;03.11.2016;07.11.2016;Standard Class;JP-16135
CA-2014-166730;30.12.2014;01.01.2015;First Class;DD-13570
CA-2017-157469;02.12.2017;07.12.2017;Standard Class;ES-14080
CA-2017-122308;24.03.2017;28.03.2017;Standard Class;MV-17485
US-2014-149034;19.11.2014;21.11.2014;First Class;RD-19900
CA-2017-159226;25.04.2017;27.04.2017;Second Class;RL-19615
CA-2017-156622;23.11.2017;26.11.2017;First Class;JP-15460
CA-2014-119529;03.11.2014;05.11.2014;Second Class;DM-13345
CA-2015-150413;19.10.2015;24.10.2015;Second Class;CS-11860
CA-2014-108182;06.02.2014;10.02.2014;Second Class;DL-13315
CA-2016-110898;06.03.2016;12.03.2016;Standard Class;LC-16870
CA-2015-123092;03.12.2015;07.12.2015;Standard Class;JG-15115
US-2015-128587;24.12.2015;30.12.2015;Standard Class;HM-14860
US-2017-139577;01.10.2017;06.10.2017;Standard Class;TN-21040
CA-2017-159100;16.10.2017;21.10.2017;Standard Class;VP-21760
CA-2014-109043;15.08.2014;17.08.2014;First Class;CS-12355
US-2017-116491;11.11.2017;13.11.2017;First Class;PG-18820
CA-2017-122763;20.03.2017;20.03.2017;Same Day;HG-14845
CA-2017-137785;13.05.2017;17.05.2017;Standard Class;MH-18115
CA-2014-133389;22.06.2014;22.06.2014;Same Day;TB-21280
CA-2014-103807;02.12.2014;09.12.2014;Standard Class;EM-13825
CA-2015-102855;05.04.2015;06.04.2015;Same Day;JF-15415
CA-2017-107825;18.11.2017;18.11.2017;Same Day;NB-18655
CA-2017-106047;12.07.2017;18.07.2017;Standard Class;CS-11860
CA-2017-127803;19.05.2017;23.05.2017;Standard Class;ND-18460
CA-2015-137071;20.12.2015;21.12.2015;First Class;ED-13885
CA-2016-121447;21.02.2016;22.02.2016;First Class;EA-14035
CA-2017-143084;18.03.2017;22.03.2017;Standard Class;BP-11050
CA-2016-131639;17.12.2016;23.12.2016;Standard Class;NS-18640
CA-2016-161361;26.03.2016;28.03.2016;Second Class;MV-17485
CA-2014-100706;16.12.2014;18.12.2014;Second Class;LE-16810
CA-2015-129525;15.11.2015;20.11.2015;Standard Class;VP-21760
US-2016-141880;22.08.2016;23.08.2016;First Class;TC-21475
CA-2015-165799;29.06.2015;02.07.2015;First Class;SG-20470
CA-2016-102127;26.06.2016;02.07.2016;Standard Class;VP-21760
US-2016-152415;17.09.2016;22.09.2016;Standard Class;PO-18865
CA-2014-138198;18.07.2014;23.07.2014;Standard Class;JL-15130
CA-2017-128041;01.09.2017;01.09.2017;Same Day;RW-19540
CA-2017-105823;22.06.2017;26.06.2017;Standard Class;RB-19465
CA-2014-152268;02.09.2014;07.09.2014;Standard Class;SC-20095
CA-2015-148873;01.10.2015;05.10.2015;Standard Class;EM-13960
CA-2015-166492;07.04.2015;10.04.2015;First Class;RP-19390
CA-2017-157420;21.11.2017;21.11.2017;Same Day;HZ-14950
CA-2016-117121;17.12.2016;21.12.2016;Standard Class;AB-10105
CA-2014-138177;19.09.2014;24.09.2014;Standard Class;ND-18460
CA-2014-114335;28.09.2014;03.10.2014;Standard Class;XP-21865
CA-2015-168760;22.09.2015;26.09.2015;Second Class;MM-18280
CA-2016-168830;07.11.2016;13.11.2016;Standard Class;ML-17395
CA-2017-137463;16.12.2017;20.12.2017;Second Class;KM-16225
CA-2014-124513;21.09.2014;25.09.2014;Standard Class;SL-20155
CA-2015-165554;18.05.2015;22.05.2015;Standard Class;AJ-10780
CA-2014-141838;26.03.2014;31.03.2014;Second Class;DK-12835
CA-2017-117009;22.09.2017;28.09.2017;Standard Class;BK-11260
CA-2015-128993;12.09.2015;17.09.2015;Second Class;CC-12670
CA-2015-160227;02.11.2015;04.11.2015;First Class;ED-13885
CA-2015-149097;20.10.2015;24.10.2015;Standard Class;SV-20785
CA-2016-132304;14.06.2016;18.06.2016;Standard Class;AR-10825
CA-2015-136420;20.11.2015;21.11.2015;First Class;CS-12250
CA-2016-101623;28.02.2016;06.03.2016;Standard Class;RR-19525
US-2014-151015;14.10.2014;20.10.2014;Standard Class;BD-11500
CA-2017-152968;26.05.2017;30.05.2017;Standard Class;BM-11785
CA-2016-150077;04.02.2016;10.02.2016;Standard Class;MS-17365
CA-2016-106278;02.09.2016;05.09.2016;Second Class;BM-11140
CA-2017-147550;04.12.2017;05.12.2017;First Class;KE-16420
CA-2015-136105;12.06.2015;16.06.2015;Standard Class;SZ-20035
CA-2016-142524;04.09.2016;08.09.2016;Standard Class;MB-18085
CA-2014-136336;21.04.2014;26.04.2014;Standard Class;DB-13555
US-2015-136259;05.11.2015;08.11.2015;First Class;CB-12415
US-2014-124625;03.11.2014;07.11.2014;Standard Class;SP-20650
CA-2016-108105;16.02.2016;23.02.2016;Standard Class;GW-14605
CA-2017-166898;11.09.2017;13.09.2017;Second Class;KH-16630
CA-2017-169005;02.11.2017;06.11.2017;Standard Class;BG-11035
CA-2015-104038;06.02.2015;08.02.2015;First Class;LO-17170
CA-2016-126102;10.09.2016;12.09.2016;Second Class;DV-13465
CA-2016-143406;26.09.2016;30.09.2016;Standard Class;LR-17035
CA-2015-150308;15.12.2015;20.12.2015;Standard Class;RR-19525
CA-2016-131093;17.09.2016;20.09.2016;Second Class;TS-21610
US-2017-148831;13.10.2017;15.10.2017;First Class;AH-10210
CA-2015-162950;28.06.2015;03.07.2015;Second Class;DW-13585
US-2015-132836;01.06.2015;05.06.2015;Standard Class;AJ-10945
US-2014-158365;12.04.2014;17.04.2014;Standard Class;SV-20785
CA-2017-152933;12.10.2017;16.10.2017;Standard Class;MG-17650
CA-2015-163181;07.11.2015;12.11.2015;Standard Class;AB-10105
CA-2015-132941;25.05.2015;28.05.2015;First Class;MM-18280
CA-2014-132010;13.10.2014;15.10.2014;First Class;MA-17995
CA-2016-135461;07.02.2016;10.02.2016;Second Class;EB-13975
CA-2017-153045;19.01.2017;24.01.2017;Second Class;NS-18505
US-2016-155971;06.06.2016;12.06.2016;Standard Class;RB-19795
CA-2017-122007;18.03.2017;20.03.2017;Second Class;JK-15325
CA-2017-162250;24.11.2017;24.11.2017;Same Day;PR-18880
US-2016-158288;26.11.2016;28.11.2016;Second Class;EH-13945
CA-2016-128916;18.08.2016;20.08.2016;Second Class;MA-17560
CA-2015-157028;28.11.2015;03.12.2015;Standard Class;MA-17995
CA-2017-112473;25.05.2017;01.06.2017;Standard Class;JL-15505
US-2017-147655;04.09.2017;05.09.2017;First Class;AS-10045
CA-2016-130911;24.03.2016;26.03.2016;Second Class;DC-12850
CA-2017-100055;28.05.2017;01.06.2017;Standard Class;MD-17860
CA-2015-157805;31.08.2015;04.09.2015;Standard Class;RH-19510
CA-2016-124254;12.04.2016;17.04.2016;Standard Class;TB-21175
CA-2014-123400;02.02.2014;09.02.2014;Standard Class;EB-13930
CA-2014-106971;02.09.2014;08.09.2014;Standard Class;BM-11785
CA-2017-123029;30.09.2017;02.10.2017;Second Class;BT-11530
CA-2016-139409;05.09.2016;07.09.2016;First Class;FW-14395
US-2017-166688;20.05.2017;26.05.2017;Standard Class;RD-19480
CA-2015-126970;20.09.2015;24.09.2015;Standard Class;TP-21130
US-2016-165505;23.01.2016;27.01.2016;Standard Class;CB-12535
US-2014-157070;01.06.2014;06.06.2014;Standard Class;QJ-19255
US-2015-106873;24.09.2015;29.09.2015;Second Class;KM-16720
CA-2016-132990;01.08.2016;03.08.2016;Second Class;KM-16660
CA-2014-102645;23.01.2014;28.01.2014;Standard Class;IM-15055
CA-2014-134215;04.08.2014;08.08.2014;Standard Class;ML-17395
CA-2016-118934;09.08.2016;14.08.2016;Standard Class;GH-14410
CA-2016-160108;08.12.2016;12.12.2016;Standard Class;AG-10900
CA-2015-164007;08.06.2015;12.06.2015;Standard Class;MG-17695
CA-2016-100300;24.06.2016;26.06.2016;Second Class;MJ-17740
CA-2016-140571;15.03.2016;19.03.2016;Standard Class;SJ-20125
US-2016-155768;01.12.2016;01.12.2016;Same Day;LB-16795
CA-2017-119424;12.06.2017;14.06.2017;Second Class;SB-20185
CA-2016-118178;19.03.2016;24.03.2016;Standard Class;CC-12610
CA-2016-166618;14.11.2016;18.11.2016;Standard Class;DP-13000
CA-2017-156776;07.08.2017;11.08.2017;Standard Class;JL-15505
US-2015-130512;21.08.2015;25.08.2015;Standard Class;SM-20320
CA-2015-141810;02.11.2015;07.11.2015;Standard Class;BB-10990
CA-2014-146843;30.11.2014;06.12.2014;Standard Class;PB-19150
CA-2014-103310;10.05.2014;15.05.2014;Standard Class;GM-14680
CA-2016-152688;17.10.2016;20.10.2016;First Class;NR-18550
CA-2016-153836;30.10.2016;03.11.2016;Standard Class;EH-13765
CA-2016-104689;01.12.2016;05.12.2016;Standard Class;FH-14365
CA-2016-146423;21.04.2016;21.04.2016;Same Day;BT-11680
CA-2017-140781;03.08.2017;07.08.2017;Standard Class;AB-10105
CA-2017-141747;03.08.2017;08.08.2017;Second Class;SC-20230
CA-2017-142776;11.12.2017;14.12.2017;Second Class;RS-19870
CA-2015-167479;14.03.2015;19.03.2015;Standard Class;AI-10855
CA-2014-144071;08.12.2014;15.12.2014;Standard Class;DJ-13420
US-2017-120908;30.09.2017;02.10.2017;First Class;BF-10975
CA-2016-152646;21.11.2016;26.11.2016;Standard Class;TH-21235
CA-2017-103765;24.11.2017;30.11.2017;Standard Class;JG-15310
US-2017-118157;14.11.2017;17.11.2017;First Class;AW-10930
US-2015-164238;16.08.2015;20.08.2015;Standard Class;JW-15955
CA-2017-103212;13.10.2017;14.10.2017;First Class;MH-18025
CA-2017-121160;04.11.2017;04.11.2017;Same Day;FM-14290
CA-2017-140515;19.03.2017;24.03.2017;Standard Class;GZ-14545
CA-2014-153619;03.11.2014;03.11.2014;Same Day;TC-21535
CA-2017-133718;23.07.2017;26.07.2017;First Class;TB-21520
CA-2014-148383;27.12.2014;31.12.2014;Standard Class;RP-19390
CA-2016-126732;02.09.2016;06.09.2016;Standard Class;LR-16915
CA-2017-138156;11.02.2017;14.02.2017;First Class;MM-17260
CA-2017-110310;27.10.2017;02.11.2017;Standard Class;NB-18655
CA-2014-113271;09.07.2014;14.07.2014;Standard Class;DS-13030
CA-2017-130106;22.05.2017;26.05.2017;Standard Class;VF-21715
CA-2016-127761;10.11.2016;14.11.2016;Standard Class;SW-20275
CA-2016-105354;02.12.2016;06.12.2016;Standard Class;PW-19030
CA-2017-155712;02.03.2017;08.03.2017;Standard Class;KD-16615
CA-2017-102309;23.09.2017;25.09.2017;Second Class;DO-13645
CA-2014-168368;11.02.2014;15.02.2014;Second Class;GA-14725
CA-2017-167976;11.11.2017;14.11.2017;Second Class;JL-15505
CA-2017-111388;02.09.2017;02.09.2017;Same Day;SU-20665
CA-2015-124499;09.10.2015;13.10.2015;Standard Class;FM-14380
US-2017-128118;24.11.2017;01.12.2017;Standard Class;MY-17380
CA-2014-125759;08.02.2014;09.02.2014;First Class;NM-18445
CA-2015-151869;25.09.2015;25.09.2015;Same Day;CS-11950
US-2017-102183;21.08.2017;28.08.2017;Standard Class;PK-19075
CA-2016-100510;12.05.2016;17.05.2016;Standard Class;HM-14860
CA-2017-146983;02.09.2017;06.09.2017;Standard Class;AH-10210
US-2014-134054;10.10.2014;10.10.2014;Same Day;FC-14335
CA-2016-113236;26.05.2016;29.05.2016;Second Class;CP-12085
CA-2017-122539;01.12.2017;05.12.2017;Standard Class;SC-20305
CA-2016-166772;20.09.2016;24.09.2016;Standard Class;HJ-14875
US-2017-152898;11.09.2017;15.09.2017;Standard Class;CB-12025
CA-2016-160486;30.12.2016;04.01.2017;Standard Class;EH-14185
CA-2017-102218;02.09.2017;04.09.2017;Second Class;LW-17215
CA-2014-161032;18.11.2014;23.11.2014;Standard Class;MK-17905
CA-2015-102778;21.11.2015;24.11.2015;First Class;JH-15820
CA-2017-154011;19.06.2017;26.06.2017;Standard Class;DB-13270
US-2017-165456;30.11.2017;03.12.2017;First Class;TB-21625
CA-2014-111857;23.04.2014;26.04.2014;Second Class;NM-18445
CA-2014-163650;23.09.2014;25.09.2014;First Class;TT-21220
CA-2017-124114;02.03.2017;02.03.2017;Same Day;RS-19765
US-2017-116505;17.11.2017;21.11.2017;Second Class;TB-21625
CA-2017-161340;28.05.2017;01.06.2017;Standard Class;AM-10360
US-2015-163433;18.04.2015;22.04.2015;Second Class;MP-17965
CA-2015-137603;19.09.2015;24.09.2015;Standard Class;MH-17290
CA-2014-128237;25.03.2014;30.03.2014;Standard Class;CA-12265
US-2016-102141;26.08.2016;31.08.2016;Standard Class;KD-16615
CA-2017-148642;06.03.2017;12.03.2017;Standard Class;DW-13540
CA-2015-111948;11.11.2015;11.11.2015;Same Day;AG-10495
CA-2016-161907;05.04.2016;09.04.2016;Standard Class;JH-16180
CA-2017-124940;21.02.2017;26.02.2017;Standard Class;DK-13090
US-2017-108343;20.07.2017;25.07.2017;Standard Class;AR-10825
US-2016-111563;04.11.2016;08.11.2016;Standard Class;SM-20005
CA-2017-121853;23.09.2017;29.09.2017;Standard Class;DB-13660
US-2017-130687;07.09.2017;10.09.2017;First Class;PF-19225
CA-2015-164497;28.11.2015;30.11.2015;First Class;AJ-10945
US-2015-153283;12.11.2015;18.11.2015;Standard Class;EB-14110
CA-2016-108056;29.09.2016;03.10.2016;Standard Class;ES-14080
CA-2017-127726;11.09.2017;13.09.2017;Second Class;SS-20410
CA-2017-110198;01.05.2017;02.05.2017;First Class;AG-10900
CA-2017-130715;16.09.2017;20.09.2017;Standard Class;CY-12745
CA-2014-155264;19.10.2014;22.10.2014;Second Class;RP-19270
CA-2016-119123;13.03.2016;18.03.2016;Standard Class;DB-13360
CA-2017-109085;17.02.2017;20.02.2017;First Class;CK-12325
CA-2016-114860;22.12.2016;28.12.2016;Standard Class;DN-13690
CA-2016-159009;23.09.2016;27.09.2016;Standard Class;DP-13105
CA-2017-148411;24.09.2017;26.09.2017;First Class;RO-19780
CA-2015-110324;01.12.2015;05.12.2015;Standard Class;MA-17560
CA-2016-168046;25.01.2016;28.01.2016;Second Class;JD-15895
CA-2017-111591;21.03.2017;25.03.2017;Standard Class;PS-18970
US-2014-166828;22.08.2014;25.08.2014;First Class;JF-15415
CA-2014-108147;08.06.2014;13.06.2014;Standard Class;RD-19480
CA-2016-154998;07.04.2016;09.04.2016;First Class;ES-14080
CA-2017-113460;07.11.2017;09.11.2017;Second Class;KN-16390
CA-2015-111339;29.05.2015;31.05.2015;First Class;VP-21760
CA-2017-102820;07.05.2017;11.05.2017;Standard Class;CS-11950
CA-2016-149671;05.06.2016;09.06.2016;Standard Class;KB-16600
CA-2015-126347;14.12.2015;19.12.2015;Second Class;AJ-10945
CA-2017-108756;25.12.2017;29.12.2017;Standard Class;PO-18865
CA-2017-155362;17.12.2017;21.12.2017;Standard Class;DP-13105
CA-2016-117625;10.05.2016;15.05.2016;Standard Class;GM-14500
CA-2014-154158;23.12.2014;27.12.2014;Second Class;CC-12670
CA-2017-100433;11.08.2017;16.08.2017;Standard Class;SJ-20125
CA-2017-163097;27.08.2017;31.08.2017;Standard Class;SF-20200
US-2017-127292;19.01.2017;23.01.2017;Standard Class;RM-19375
CA-2015-163734;19.06.2015;24.06.2015;Standard Class;KM-16375
CA-2017-162474;13.03.2017;16.03.2017;First Class;FH-14275
CA-2015-130848;25.10.2015;25.10.2015;Same Day;DG-13300
CA-2014-125997;20.09.2014;23.09.2014;First Class;MW-18220
CA-2016-103128;11.11.2016;15.11.2016;Standard Class;SC-20845
CA-2015-167696;16.09.2015;21.09.2015;Standard Class;BD-11500
CA-2014-159814;24.06.2014;28.06.2014;Standard Class;LP-17080
CA-2016-105459;12.08.2016;17.08.2016;Second Class;NP-18700
CA-2017-141663;13.04.2017;17.04.2017;Standard Class;DP-13105
CA-2014-152618;14.03.2014;17.03.2014;First Class;RB-19465
CA-2017-162789;22.09.2017;24.09.2017;Second Class;LC-17140
US-2017-110149;10.12.2017;13.12.2017;First Class;WB-21850
CA-2016-108959;10.03.2016;14.03.2016;Second Class;MH-17785
CA-2015-164777;27.01.2015;29.01.2015;First Class;SC-20305
CA-2016-132017;26.09.2016;27.09.2016;First Class;MH-17620
CA-2015-127824;18.10.2015;22.10.2015;Standard Class;JC-15775
CA-2014-148285;27.10.2014;01.11.2014;Standard Class;RD-19810
CA-2017-152926;02.10.2017;04.10.2017;Second Class;SC-20695
CA-2014-145254;23.07.2014;27.07.2014;Standard Class;NC-18535
CA-2014-116246;12.09.2014;17.09.2014;Second Class;LW-17215
CA-2016-160479;15.09.2016;20.09.2016;Standard Class;AH-10585
CA-2014-167486;27.11.2014;01.12.2014;Standard Class;JO-15145
CA-2014-152100;11.05.2014;16.05.2014;Standard Class;VW-21775
CA-2015-166219;28.08.2015;01.09.2015;Standard Class;BP-11185
CA-2015-111864;19.06.2015;19.06.2015;Same Day;PP-18955
CA-2015-119627;17.08.2015;23.08.2015;Standard Class;SC-20725
CA-2015-160787;25.09.2015;25.09.2015;Same Day;BM-11785
CA-2017-107853;26.05.2017;31.05.2017;Standard Class;CD-11920
CA-2017-126144;31.07.2017;05.08.2017;Standard Class;GM-14680
US-2014-154655;12.10.2014;17.10.2014;Standard Class;BP-11050
CA-2014-100391;25.05.2014;29.05.2014;Standard Class;BW-11065
CA-2014-165477;29.12.2014;31.12.2014;Second Class;RE-19405
CA-2017-165904;07.04.2017;11.04.2017;Standard Class;HR-14770
CA-2015-104052;01.03.2015;02.03.2015;First Class;TP-21565
CA-2015-168277;29.05.2015;03.06.2015;Standard Class;KB-16315
CA-2016-158617;22.09.2016;28.09.2016;Standard Class;AC-10660
CA-2017-136882;27.05.2017;03.06.2017;Standard Class;DN-13690
US-2016-148957;17.09.2016;23.09.2016;Standard Class;CC-12430
CA-2014-140032;08.09.2014;13.09.2014;Standard Class;TS-21340
CA-2017-145506;03.06.2017;07.06.2017;Standard Class;MO-17800
CA-2015-129546;28.09.2015;05.10.2015;Standard Class;RP-19855
CA-2016-140977;16.06.2016;19.06.2016;Second Class;JL-15175
CA-2017-151855;27.05.2017;03.06.2017;Standard Class;BW-11110
CA-2014-138240;09.10.2014;14.10.2014;Standard Class;SJ-20500
CA-2014-101833;17.11.2014;22.11.2014;Second Class;FG-14260
CA-2014-100867;19.10.2014;24.10.2014;Standard Class;EH-14125
US-2017-109610;25.11.2017;30.11.2017;Second Class;BS-11590
CA-2014-156545;27.02.2014;03.03.2014;First Class;JS-16030
CA-2014-109127;21.12.2014;25.12.2014;Standard Class;JC-15775
CA-2016-126858;19.11.2016;23.11.2016;Standard Class;JM-15265
CA-2017-102925;05.11.2017;10.11.2017;Second Class;CD-12280
CA-2015-100818;31.05.2015;05.06.2015;Second Class;JM-15265
CA-2014-126193;07.09.2014;14.09.2014;Standard Class;SS-20410
CA-2017-150504;06.11.2017;12.11.2017;Standard Class;HG-14845
CA-2015-158351;20.06.2015;24.06.2015;Second Class;BC-11125
CA-2014-122679;22.07.2014;28.07.2014;Standard Class;AB-10255
CA-2016-164770;02.12.2016;04.12.2016;Second Class;MY-18295
CA-2017-130505;12.10.2017;12.10.2017;Same Day;NF-18385
US-2017-125213;11.12.2017;13.12.2017;First Class;NB-18655
CA-2015-156566;01.10.2015;04.10.2015;First Class;EM-13960
US-2016-102232;05.08.2016;11.08.2016;Standard Class;MF-17665
CA-2017-111738;03.01.2017;07.01.2017;Standard Class;CM-12385
CA-2017-163188;07.11.2017;07.11.2017;Same Day;EC-14050
CA-2016-105207;03.01.2016;08.01.2016;Standard Class;BO-11350
US-2016-123610;12.05.2016;16.05.2016;Standard Class;VM-21835
CA-2017-118213;05.11.2017;07.11.2017;First Class;AB-10060
CA-2016-149237;26.05.2016;30.05.2016;Standard Class;CM-12235
US-2015-158589;20.11.2015;24.11.2015;Standard Class;KW-16570
CA-2016-101329;22.04.2016;29.04.2016;Standard Class;MM-17920
CA-2016-113607;14.10.2016;18.10.2016;Standard Class;PW-19030
CA-2014-149104;05.04.2014;07.04.2014;Second Class;RD-19900
CA-2016-105263;06.08.2016;11.08.2016;Standard Class;LM-17065
CA-2014-130575;14.12.2014;16.12.2014;First Class;CS-11845
CA-2017-142461;30.05.2017;03.06.2017;Second Class;KT-16480
CA-2016-125220;14.10.2016;19.10.2016;Standard Class;BE-11410
CA-2014-100293;14.03.2014;18.03.2014;Standard Class;NF-18475
CA-2014-154165;17.02.2014;24.02.2014;Standard Class;DL-13315
CA-2015-123939;24.08.2015;26.08.2015;Second Class;MS-17710
US-2017-104451;08.05.2017;12.05.2017;Second Class;MM-18055
CA-2016-101189;04.02.2016;09.02.2016;Standard Class;JB-15400
CA-2014-169446;19.12.2014;25.12.2014;Standard Class;SG-20605
CA-2017-156958;05.12.2017;06.12.2017;First Class;PB-18805
CA-2017-101637;24.03.2017;25.03.2017;Same Day;AC-10615
CA-2017-111759;08.07.2017;12.07.2017;Standard Class;MR-17545
CA-2017-102729;26.10.2017;31.10.2017;Standard Class;BF-11215
CA-2016-116596;27.10.2016;31.10.2016;Standard Class;BW-11200
CA-2017-124191;12.06.2017;14.06.2017;Second Class;TS-21610
CA-2016-148747;25.09.2016;27.09.2016;First Class;AS-10045
US-2017-169488;07.09.2017;09.09.2017;First Class;AA-10375
CA-2015-135727;11.05.2015;16.05.2015;Second Class;PS-18970
CA-2015-135251;06.08.2015;10.08.2015;Standard Class;RP-19270
CA-2014-166590;29.10.2014;02.11.2014;Standard Class;NC-18625
CA-2016-131744;18.06.2016;20.06.2016;Second Class;SC-20770
CA-2015-160864;03.05.2015;06.05.2015;First Class;NF-18595
CA-2015-147690;10.11.2015;14.11.2015;Standard Class;SC-20020
CA-2015-163923;30.05.2015;03.06.2015;Standard Class;BD-11560
CA-2016-125724;22.09.2016;27.09.2016;Standard Class;SM-20950
CA-2015-111612;28.11.2015;02.12.2015;Standard Class;EB-14110
CA-2015-156853;03.12.2015;05.12.2015;Second Class;HP-14815
CA-2014-103086;17.10.2014;19.10.2014;Second Class;EB-14170
CA-2016-129280;03.05.2016;05.05.2016;First Class;SM-20905
CA-2015-161242;01.06.2015;08.06.2015;Standard Class;CG-12040
CA-2014-130428;31.03.2014;31.03.2014;Same Day;TG-21640
CA-2017-104388;05.07.2017;07.07.2017;First Class;DK-12835
CA-2015-113131;24.09.2015;24.09.2015;Same Day;MB-17305
CA-2015-148495;13.08.2015;13.08.2015;Same Day;SF-20065
CA-2015-143147;26.05.2015;28.05.2015;Second Class;PS-18760
CA-2017-152975;14.09.2017;16.09.2017;First Class;RB-19705
CA-2016-107475;07.06.2016;11.06.2016;Standard Class;RS-19870
CA-2017-116127;25.06.2017;27.06.2017;Second Class;SB-20185
CA-2017-132584;26.08.2017;27.08.2017;First Class;HJ-14875
CA-2016-160598;26.08.2016;28.08.2016;First Class;SV-20815
CA-2016-108630;18.11.2016;18.11.2016;Same Day;BE-11410
US-2017-129203;17.04.2017;22.04.2017;Standard Class;BM-11575
CA-2017-110940;23.07.2017;28.07.2017;Standard Class;AZ-10750
CA-2014-119172;11.05.2014;15.05.2014;Standard Class;HD-14785
US-2016-105452;28.07.2016;01.08.2016;Standard Class;BF-11005
CA-2017-108931;14.09.2017;19.09.2017;Standard Class;HZ-14950
CA-2017-104619;24.01.2017;29.01.2017;Standard Class;KD-16495
CA-2015-149517;19.09.2015;23.09.2015;Standard Class;FC-14245
CA-2015-116841;14.04.2015;18.04.2015;Standard Class;TP-21130
CA-2017-107797;08.05.2017;11.05.2017;Second Class;EB-13705
CA-2016-117604;04.09.2016;09.09.2016;Standard Class;JP-15520
CA-2014-130155;19.05.2014;22.05.2014;First Class;TD-20995
CA-2016-129861;17.06.2016;23.06.2016;Standard Class;DM-13345
CA-2015-138625;02.11.2015;05.11.2015;First Class;EG-13900
US-2017-122672;04.11.2017;09.11.2017;Standard Class;HG-14965
CA-2017-117128;05.12.2017;08.12.2017;Second Class;BF-11080
CA-2016-130638;16.05.2016;19.05.2016;Second Class;SC-20095
CA-2017-144365;24.10.2017;30.10.2017;Standard Class;CS-11950
CA-2016-110086;18.09.2016;22.09.2016;Standard Class;BD-11320
CA-2014-128524;11.11.2014;13.11.2014;First Class;MZ-17515
CA-2016-140256;22.08.2016;29.08.2016;Standard Class;PW-19030
CA-2017-160633;16.11.2017;21.11.2017;Standard Class;BS-11380
CA-2014-115133;26.09.2014;30.09.2014;Standard Class;DA-13450
CA-2017-137449;29.06.2017;30.06.2017;First Class;ME-17725
CA-2017-103520;23.09.2017;25.09.2017;First Class;MH-17785
CA-2014-139283;23.11.2014;27.11.2014;Standard Class;BT-11440
CA-2014-118192;13.01.2014;18.01.2014;Standard Class;MM-17920
CA-2016-168844;31.05.2016;06.06.2016;Standard Class;NM-18520
CA-2017-154809;13.02.2017;17.02.2017;Standard Class;MH-17455
CA-2014-151330;14.10.2014;17.10.2014;First Class;TC-21295
CA-2014-124702;18.11.2014;25.11.2014;Standard Class;MH-17785
US-2017-125808;12.11.2017;15.11.2017;Second Class;EP-13915
CA-2015-116638;28.01.2015;31.01.2015;Second Class;JH-15985
CA-2014-104563;07.03.2014;12.03.2014;Standard Class;CM-12715
US-2017-107979;08.06.2017;13.06.2017;Standard Class;FO-14305
CA-2014-150518;19.11.2014;24.11.2014;Standard Class;MW-18220
CA-2016-107104;26.11.2016;30.11.2016;Standard Class;MS-17365
CA-2017-161893;23.01.2017;27.01.2017;Standard Class;HP-14815
CA-2014-156160;22.09.2014;29.09.2014;Standard Class;AS-10090
CA-2014-100860;26.03.2014;30.03.2014;Second Class;CS-12505
CA-2016-160717;06.06.2016;11.06.2016;Standard Class;ME-17320
CA-2017-132619;31.08.2017;05.09.2017;Standard Class;MS-17770
US-2015-120957;07.12.2015;07.12.2015;Same Day;KH-16690
CA-2017-157448;16.11.2017;20.11.2017;Standard Class;LC-16885
CA-2016-126270;23.04.2016;27.04.2016;Standard Class;AF-10870
CA-2017-145275;02.04.2017;06.04.2017;Standard Class;AH-10465
CA-2015-133396;13.08.2015;15.08.2015;First Class;GK-14620
US-2017-140312;13.11.2017;19.11.2017;Standard Class;KL-16645
CA-2016-114867;23.12.2016;28.12.2016;Standard Class;FM-14290
US-2014-164644;22.07.2014;24.07.2014;Second Class;JL-15850
CA-2016-137393;06.05.2016;10.05.2016;Standard Class;GM-14500
US-2014-120175;28.11.2014;03.12.2014;Standard Class;MC-17635
CA-2016-144785;18.04.2016;23.04.2016;Standard Class;CS-12490
CA-2015-130113;27.12.2015;31.12.2015;Standard Class;AH-10030
CA-2017-122770;13.12.2017;18.12.2017;Standard Class;EP-13915
CA-2017-118668;02.01.2017;04.01.2017;Second Class;FW-14395
CA-2017-116498;30.05.2017;03.06.2017;Standard Class;KA-16525
US-2017-130603;30.09.2017;06.10.2017;Standard Class;SC-20050
US-2017-135986;20.06.2017;27.06.2017;Standard Class;PG-18895
CA-2017-140536;04.04.2017;05.04.2017;First Class;TA-21385
CA-2015-130183;13.11.2015;17.11.2015;Standard Class;PO-18850
CA-2015-107902;28.08.2015;02.09.2015;Standard Class;SM-20950
CA-2017-130148;24.09.2017;28.09.2017;Second Class;NK-18490
US-2016-151260;11.12.2016;14.12.2016;First Class;SC-20695
CA-2014-144281;10.06.2014;15.06.2014;Second Class;HK-14890
CA-2016-122511;11.03.2016;11.03.2016;Same Day;BT-11485
CA-2017-154116;15.12.2017;19.12.2017;Standard Class;KM-16660
CA-2016-105291;30.10.2016;04.11.2016;Standard Class;SP-20920
CA-2017-147032;31.07.2017;04.08.2017;Standard Class;LB-16795
CA-2017-125990;19.10.2017;23.10.2017;Standard Class;JS-16030
CA-2016-161746;21.10.2016;27.10.2016;Standard Class;CS-11950
CA-2014-114251;05.11.2014;10.11.2014;Standard Class;MD-17350
CA-2016-116379;07.11.2016;12.11.2016;Standard Class;LD-17005
US-2016-144477;12.08.2016;14.08.2016;Second Class;DB-13270
CA-2016-108210;30.05.2016;31.05.2016;Same Day;AT-10735
CA-2017-166835;12.11.2017;14.11.2017;Second Class;DK-13375
CA-2016-119641;22.09.2016;26.09.2016;Standard Class;CS-12250
CA-2016-105781;16.02.2016;20.02.2016;Standard Class;JF-15565
CA-2014-101364;22.12.2014;26.12.2014;Standard Class;TW-21025
CA-2015-117898;05.12.2015;11.12.2015;Standard Class;TB-21250
CA-2017-142293;17.09.2017;20.09.2017;First Class;SC-20380
CA-2017-167395;02.12.2017;04.12.2017;First Class;KM-16720
CA-2014-111962;29.09.2014;04.10.2014;Standard Class;EB-14170
CA-2017-124261;14.11.2017;19.11.2017;Standard Class;JE-15715
CA-2014-114321;20.08.2014;25.08.2014;Standard Class;NC-18535
CA-2014-128062;19.11.2014;22.11.2014;Second Class;AD-10180
US-2015-100069;29.06.2015;03.07.2015;Standard Class;NF-18475
CA-2017-129294;16.03.2017;21.03.2017;Standard Class;KD-16615
CA-2015-117086;08.11.2015;12.11.2015;Standard Class;QJ-19255
CA-2017-131303;28.11.2017;02.12.2017;Standard Class;EP-13915
CA-2016-137127;16.06.2016;22.06.2016;Standard Class;JJ-15445
CA-2017-141782;21.01.2017;25.01.2017;Standard Class;BE-11410
CA-2017-137505;24.11.2017;24.11.2017;Same Day;BP-11290
US-2014-140914;11.11.2014;15.11.2014;Standard Class;BH-11710
CA-2016-158358;04.03.2016;08.03.2016;Standard Class;EM-13810
CA-2016-113390;11.10.2016;15.10.2016;Standard Class;EP-13915
US-2016-158680;01.07.2016;02.07.2016;First Class;NZ-18565
CA-2017-113705;27.03.2017;29.03.2017;Second Class;LC-16870
CA-2016-146913;31.10.2016;05.11.2016;Standard Class;SF-20965
CA-2017-159135;04.11.2017;08.11.2017;Standard Class;KM-16375
CA-2014-121762;14.02.2014;18.02.2014;Standard Class;ML-17395
CA-2014-123855;18.06.2014;23.06.2014;Standard Class;MC-18100
CA-2017-101959;28.02.2017;06.03.2017;Standard Class;DB-13660
CA-2017-102659;09.12.2017;15.12.2017;Standard Class;LW-17215
CA-2017-142328;07.12.2017;14.12.2017;Standard Class;TC-21535
CA-2016-123533;24.11.2016;30.11.2016;Standard Class;SC-20050
CA-2016-104983;03.07.2016;03.07.2016;Same Day;FM-14215
CA-2016-160234;26.06.2016;03.07.2016;Standard Class;PF-19225
CA-2014-169019;26.07.2014;30.07.2014;Standard Class;LF-17185
CA-2016-153178;14.09.2016;18.09.2016;Standard Class;CL-12565
CA-2015-149748;31.05.2015;02.06.2015;Second Class;EM-13825
CA-2015-155635;09.05.2015;13.05.2015;Standard Class;ME-17725
US-2014-114377;05.11.2014;05.11.2014;Same Day;BG-11035
CA-2017-144491;27.03.2017;01.04.2017;Standard Class;CJ-12010
CA-2014-127166;21.05.2014;23.05.2014;Second Class;KH-16360
CA-2016-125920;21.05.2016;28.05.2016;Standard Class;SH-19975
CA-2015-128608;12.01.2015;17.01.2015;Standard Class;CS-12490
CA-2017-137918;29.09.2017;06.10.2017;Standard Class;JK-15730
CA-2015-122973;18.07.2015;20.07.2015;Second Class;PJ-19015
CA-2016-136322;21.10.2016;26.10.2016;Standard Class;AP-10720
CA-2017-107209;27.07.2017;01.08.2017;Second Class;JW-15955
CA-2017-145093;21.07.2017;26.07.2017;Standard Class;PT-19090
US-2014-139640;07.11.2014;11.11.2014;Second Class;TB-21595
CA-2016-117583;27.11.2016;30.11.2016;First Class;CB-12025
CA-2015-162201;08.06.2015;12.06.2015;Standard Class;AG-10495
US-2014-164406;15.08.2014;19.08.2014;Standard Class;BD-11605
CA-2017-169999;19.06.2017;26.06.2017;Standard Class;JS-15685
US-2017-152842;16.07.2017;23.07.2017;Standard Class;NF-18385
CA-2014-113257;16.12.2014;18.12.2014;Second Class;SC-20305
CA-2014-133963;18.05.2014;22.05.2014;Second Class;GA-14515
CA-2017-130302;14.09.2017;19.09.2017;Standard Class;CY-12745
CA-2016-126627;10.10.2016;12.10.2016;First Class;WB-21850
US-2016-125402;25.09.2016;01.10.2016;Standard Class;DL-12865
CA-2014-163867;03.06.2014;06.06.2014;First Class;RE-19450
CA-2017-169327;02.09.2017;04.09.2017;Second Class;MH-17290
CA-2014-142979;12.04.2014;18.04.2014;Standard Class;EH-13765
CA-2016-158155;02.05.2016;06.05.2016;Standard Class;EH-13765
CA-2017-138870;19.06.2017;23.06.2017;Standard Class;GA-14515
CA-2014-120950;06.11.2014;11.11.2014;Standard Class;GA-14515
CA-2015-164301;26.03.2015;30.03.2015;Standard Class;EB-13840
CA-2017-113278;14.01.2017;20.01.2017;Standard Class;HR-14770
US-2015-116981;26.03.2015;28.03.2015;Second Class;SM-20950
CA-2014-114195;01.11.2014;03.11.2014;First Class;EA-14035
CA-2017-146269;06.10.2017;06.10.2017;Same Day;MH-17455
CA-2016-100587;10.12.2016;14.12.2016;Standard Class;SL-20155
CA-2016-166653;22.09.2016;24.09.2016;Second Class;NP-18685
CA-2015-130855;29.12.2015;05.01.2016;Standard Class;RF-19840
US-2017-166324;20.04.2017;21.04.2017;First Class;BE-11455
CA-2016-122581;21.08.2016;25.08.2016;Standard Class;JK-15370
CA-2015-104297;29.05.2015;31.05.2015;First Class;CC-12100
CA-2014-153927;12.08.2014;13.08.2014;First Class;LL-16840
CA-2014-112291;03.04.2014;08.04.2014;Standard Class;KE-16420
CA-2014-146997;23.01.2014;27.01.2014;Standard Class;SG-20605
CA-2017-169607;12.10.2017;15.10.2017;First Class;CA-12265
CA-2015-127544;08.08.2015;12.08.2015;Standard Class;RD-19585
CA-2017-166499;19.03.2017;20.03.2017;First Class;VG-21805
US-2016-115441;25.07.2016;28.07.2016;Second Class;SH-19975
CA-2014-115049;26.09.2014;01.10.2014;Standard Class;MM-17920
CA-2014-156342;17.06.2014;20.06.2014;Second Class;JF-15415
CA-2016-112830;06.06.2016;10.06.2016;Standard Class;LP-17095
US-2014-117380;28.03.2014;03.04.2014;Standard Class;MP-18175
CA-2017-117646;21.08.2017;25.08.2017;Standard Class;SC-20845
CA-2014-122609;12.11.2014;18.11.2014;Standard Class;DP-13000
US-2015-129007;13.09.2015;15.09.2015;First Class;KD-16615
US-2014-157231;05.04.2014;09.04.2014;Standard Class;RP-19855
CA-2015-132388;10.10.2015;12.10.2015;First Class;KN-16390
CA-2017-160927;29.01.2017;31.01.2017;Second Class;TM-21010
CA-2015-105508;24.09.2015;29.09.2015;Standard Class;JF-15190
CA-2016-149272;15.03.2016;19.03.2016;Standard Class;MY-18295
CA-2014-111360;24.11.2014;30.11.2014;Standard Class;AT-10435
US-2017-162124;06.05.2017;10.05.2017;Standard Class;JF-15490
CA-2015-159534;20.03.2015;23.03.2015;First Class;DH-13075
CA-2016-129630;04.09.2016;04.09.2016;Same Day;IM-15055
CA-2015-104948;13.11.2015;17.11.2015;Standard Class;KH-16510
CA-2014-166555;11.07.2014;14.07.2014;First Class;JK-15205
CA-2016-114405;07.04.2016;12.04.2016;Standard Class;AS-10240
CA-2017-132955;24.06.2017;28.06.2017;Standard Class;SC-20575
CA-2016-164889;03.06.2016;06.06.2016;Second Class;CP-12340
CA-2016-169824;12.12.2016;17.12.2016;Standard Class;NS-18640
CA-2017-164028;24.11.2017;30.11.2017;Standard Class;JL-15835
CA-2014-143371;28.12.2014;03.01.2015;Standard Class;MD-17350
CA-2015-145415;12.04.2015;17.04.2015;Second Class;RD-19660
CA-2014-111157;02.03.2014;06.03.2014;Standard Class;NH-18610
CA-2017-121559;01.06.2017;03.06.2017;Second Class;HW-14935
CA-2015-141593;14.12.2015;16.12.2015;Second Class;DB-12970
US-2014-143287;11.11.2014;17.11.2014;Standard Class;KN-16705
CA-2017-137421;06.10.2017;11.10.2017;Standard Class;AJ-10945
CA-2017-141446;16.09.2017;18.09.2017;Second Class;CL-12700
CA-2015-168088;19.03.2015;22.03.2015;First Class;CM-12655
CA-2015-143700;26.07.2015;26.07.2015;Same Day;AS-10240
CA-2016-146374;05.12.2016;10.12.2016;Second Class;HE-14800
CA-2017-153871;11.12.2017;17.12.2017;Standard Class;RB-19435
CA-2015-103772;28.06.2015;02.07.2015;Standard Class;MP-17470
CA-2016-130225;11.09.2016;17.09.2016;Standard Class;RC-19960
US-2016-103674;06.12.2016;10.12.2016;Standard Class;AP-10720
US-2015-151435;06.09.2015;09.09.2015;Second Class;SW-20455
CA-2017-163566;03.08.2017;06.08.2017;First Class;TB-21055
US-2016-157728;22.09.2016;28.09.2016;Standard Class;RC-19960
CA-2015-100251;17.05.2015;23.05.2015;Standard Class;DV-13465
CA-2016-125794;29.09.2016;03.10.2016;Standard Class;ML-17410
CA-2017-163629;17.11.2017;21.11.2017;Standard Class;RA-19885
CA-2014-110422;21.01.2014;23.01.2014;Second Class;TB-21400
CA-2017-121258;26.02.2017;03.03.2017;Standard Class;DB-13060
CA-2017-119914;04.05.2017;09.05.2017;Second Class;CC-12220
